name,rank,matches,wins,losses,draws,year
Mr. Perfect,1,174,116,8,50,1989
Bret Hart,2,151,54,26,71,1989
The Ultimate Warrior,3,151,132,17,2,1989
Randy Savage,4,149,91,58,0,1989
Marty Jannetty,5,148,98,38,12,1989
Shawn Michaels,6,148,98,38,12,1989
Smash,7,147,124,16,7,1989
The Big Boss Man,8,146,33,109,4,1989
Ax,9,143,120,16,7,1989
Hercules,10,142,66,59,17,1989
Ted DiBiase,11,141,42,93,6,1989
Dino Bravo,12,139,87,45,7,1989
The Honky Tonk Man,13,139,60,62,17,1989
Brutus Beefcake,14,137,88,38,11,1989
Tito Santana,15,136,46,69,21,1989
Greg Valentine,16,134,69,47,18,1989
Boris Zhukov,17,131,30,101,0,1989
Rick Rude,18,131,59,60,12,1989
Bad News Brown,19,130,80,44,6,1989
Rick Martel,20,130,94,17,19,1989
The Red Rooster,21,130,90,36,4,1989
Arn Anderson,22,129,45,80,4,1989
Jim Neidhart,23,127,52,59,16,1989
Butch,24,124,114,9,1,1989
Akeem,25,123,35,69,19,1989
Andre The Giant,26,122,36,85,1,1989
Paul Roma,27,122,63,58,1,1989
Luke,28,121,112,8,1,1989
Tully Blanchard,29,120,45,71,4,1989
The Barbarian,30,118,53,59,6,1989
Barry Horowitz,31,116,13,103,0,1989
The Warlord,32,116,51,62,3,1989
Raymond Rougeau,33,115,40,73,2,1989
Jacques Rougeau,34,114,41,72,1,1989
The Brooklyn Brawler,35,113,11,102,0,1989
Hulk Hogan,36,110,70,40,0,1989
Jimmy Snuka,37,100,67,32,1,1989
Koko B. Ware,38,95,41,54,0,1989
Jake Roberts,39,89,67,22,0,1989
Haku,40,88,36,45,7,1989
Tim Horner,41,87,43,43,1,1989
Dusty Rhodes,42,81,80,1,0,1989
The Genius,43,80,75,5,0,1989
Ronnie Garvin,44,77,41,23,13,1989
Jim Duggan,45,76,48,27,1,1989
Hillbilly Jim,46,73,37,36,0,1989
The Blue Blazer,47,62,24,37,1,1989
Mark Young,48,57,18,39,0,1989
Jim Powers,49,54,15,39,0,1989
King Duggan,50,52,50,1,1,1989
Iron Mike Sharpe,51,48,3,45,0,1989
Sam Houston,52,47,19,28,0,1989
Nikolai Volkoff,53,46,13,32,1,1989
Roddy Piper,54,46,24,14,8,1989
King Haku,55,41,15,22,4,1989
Big John Studd,56,40,22,0,18,1989
Rockin' Robin,57,35,35,0,0,1989
The Conquistador,58,32,0,32,0,1989
Al Perez,59,31,17,13,1,1989
Danny Davis,60,27,0,27,0,1989
Dale Wolfe,61,25,0,25,0,1989
Judy Martin,62,25,0,25,0,1989
Ron Bass,63,22,9,12,1,1989
Tom Stone,64,22,0,22,0,1989
Tugboat,65,22,22,0,0,1989
Earthquake,66,21,21,0,0,1989
Barry Windham,67,19,18,0,1,1989
Conquistador Uno,68,18,2,16,0,1989
Jim Evans,69,18,0,18,0,1989
Jose Estrada,70,17,0,17,0,1989
The Widow Maker,71,13,13,0,0,1989
Todd Becker,72,13,0,13,0,1989
Bill Wood,73,12,0,12,0,1989
Dusty Wolfe,74,12,0,12,0,1989
Scott Colton,75,12,0,12,0,1989
Tony Burton,76,12,0,12,0,1989
Al Burke,77,11,0,11,0,1989
Brian Costello,78,11,0,11,0,1989
Mike Williams,79,11,0,11,0,1989
Red Tyler,80,11,0,11,0,1989
Reno Riggins,81,11,0,11,0,1989
Chris Duffy,82,10,0,10,0,1989
Jake Milliman,83,10,1,9,0,1989
Louie Spicolli,84,10,0,10,0,1989
Scott Casey,85,10,0,10,0,1989
Sensational Sherri,86,10,0,10,0,1989
Terry Daniels,87,10,0,10,0,1989
Tony Durante,88,10,0,10,0,1989
Bob Bradley,89,9,0,9,0,1989
Jose Luis Rivera,90,9,1,7,1,1989
Sandy Beach,91,9,0,9,0,1989
Tom Magee,92,9,7,2,0,1989
Warren Bianchi,93,9,0,9,0,1989
Jerry Monti,94,8,0,8,0,1989
Riki Ataki,95,8,0,8,0,1989
Gary Wolfe,96,7,0,7,0,1989
George Skaaland,97,7,0,7,0,1989
Jim McPherson,98,7,0,7,0,1989
Lanny Poffo,99,7,2,5,0,1989
Mario Mancini,100,7,0,7,0,1989
Mr. Perfect,1,194,77,112,5,1990
The Barbarian,2,174,103,71,0,1990
The Ultimate Warrior,3,173,156,17,0,1990
Marty Jannetty,4,169,117,46,6,1990
Bret Hart,5,167,94,42,31,1990
Ted DiBiase,6,167,75,91,1,1990
The Big Boss Man,7,166,147,19,0,1990
Earthquake,8,163,112,51,0,1990
Jim Duggan,9,161,83,69,9,1990
Smash,10,159,62,78,19,1990
Jim Neidhart,11,157,91,42,24,1990
Hercules,12,155,99,51,5,1990
The Warlord,13,154,100,53,1,1990
Haku,14,153,73,77,3,1990
Greg Valentine,15,150,53,89,8,1990
Paul Roma,16,146,86,57,3,1990
Dusty Rhodes,17,143,88,54,1,1990
Jake Roberts,18,143,120,23,0,1990
Jimmy Snuka,19,143,80,62,1,1990
Tugboat,20,143,131,12,0,1990
Randy Savage,21,142,41,101,0,1990
Dino Bravo,22,140,47,90,3,1990
Shawn Michaels,23,139,107,24,8,1990
Tito Santana,24,138,56,80,2,1990
The Honky Tonk Man,25,137,44,88,5,1990
Black Bart,26,136,22,114,0,1990
Koko B. Ware,27,134,108,26,0,1990
Buddy Rose,28,133,13,120,0,1990
Tanaka,29,132,60,72,0,1990
The Brooklyn Brawler,30,132,33,96,3,1990
Luke,31,128,88,39,1,1990
Butch,32,126,86,39,1,1990
Nikolai Volkoff,33,114,47,67,0,1990
Ax,34,113,35,63,15,1990
Ronnie Garvin,35,113,57,50,6,1990
Rick Martel,36,110,85,22,3,1990
The Genius,37,106,21,84,1,1990
Sato,38,105,54,51,0,1990
Boris Zhukov,39,104,13,91,0,1990
Bad News Brown,40,101,37,55,9,1990
Rick Rude,41,101,23,72,6,1990
Bob Bradley,42,94,6,88,0,1990
The Texas Tornado,43,90,59,26,5,1990
Crush,44,88,43,45,0,1990
Akeem,45,86,40,46,0,1990
Jim Brunzell,46,86,34,52,0,1990
Paul Diamond,47,85,26,59,0,1990
Shane Douglas,48,85,65,15,5,1990
Pez Whatley,49,84,11,73,0,1990
Hulk Hogan,50,79,64,15,0,1990
Jim Powers,51,79,11,68,0,1990
Brutus Beefcake,52,77,53,22,2,1990
Hawk,53,77,76,1,0,1990
Sgt. Slaughter,54,76,74,2,0,1990
Animal,55,74,73,1,0,1990
Dustin Rhodes,56,60,43,17,0,1990
Al Perez,57,55,34,20,1,1990
Roddy Piper,58,51,36,8,7,1990
The British Bulldog,59,51,47,3,1,1990
Iron Mike Sharpe,60,50,2,48,0,1990
Sapphire,61,50,32,18,0,1990
The Red Rooster,62,49,16,32,1,1990
Queen Sherri,63,45,17,28,0,1990
Hillbilly Jim,64,37,31,6,0,1990
Saba Simba,65,36,32,4,0,1990
Andre The Giant,66,35,27,8,0,1990
Mr. Fuji,67,35,2,33,0,1990
Barry O,68,29,1,28,0,1990
Bobby Heenan,69,29,0,29,0,1990
Conquistador Uno,70,25,1,24,0,1990
Tom Stone,71,24,1,23,0,1990
Dale Wolfe,72,23,0,23,0,1990
Mark Young,73,23,4,19,0,1990
Kato,74,22,4,18,0,1990
Brady Boone,75,19,3,16,0,1990
Frenchy Martin,76,19,1,18,0,1990
Jim Evans,77,18,0,18,0,1990
Sonny Blaze,78,18,0,18,0,1990
The Black Demon,79,17,0,17,0,1990
Chris Duffy,80,15,0,15,0,1990
Jose Luis Rivera,81,15,0,15,0,1990
Virgil,82,15,7,8,0,1990
Reno Riggins,83,14,0,14,0,1990
Battle Kat,84,13,12,1,0,1990
Jim McPherson,85,13,0,13,0,1990
Omar Atlas,86,12,1,11,0,1990
Spike Jones,87,12,0,12,0,1990
Kent Carlson,88,10,0,10,0,1990
Red Tyler,89,10,0,10,0,1990
Ron Garvin,90,10,3,7,0,1990
Scott Colontonio,91,10,0,10,0,1990
Scott Colton,92,10,0,10,0,1990
Al Burke,93,9,0,9,0,1990
Barry Hardy,94,9,0,9,0,1990
Battle Kat,95,9,8,1,0,1990
Mike Pocari,96,9,0,9,0,1990
Rico Federico,97,9,0,9,0,1990
Sam Houston,98,9,0,9,0,1990
Duane Gill,99,8,0,8,0,1990
Gary Jackson,100,8,0,8,0,1990
Bret Hart,1,196,170,16,10,1991
The Big Boss Man,2,195,137,56,2,1991
The Undertaker,3,190,102,86,2,1991
Earthquake,4,185,67,117,1,1991
Ted DiBiase,5,184,103,75,6,1991
Jim Duggan,6,181,117,61,3,1991
Animal,7,179,168,8,3,1991
The Mountie,8,175,94,77,4,1991
Luke,9,174,76,98,0,1991
Butch,10,172,73,99,0,1991
The British Bulldog,11,169,121,33,15,1991
Jerry Sags,12,167,89,76,2,1991
The Texas Tornado,13,165,114,21,30,1991
Jake Roberts,14,160,84,75,1,1991
Irwin R. Schyster,15,156,119,28,9,1991
Marty Jannetty,16,156,95,58,3,1991
Brian Knobbs,17,155,84,68,3,1991
Hawk,18,154,142,9,3,1991
The Warlord,19,152,52,66,34,1991
Kato,20,147,15,132,0,1991
Greg Valentine,21,146,71,73,2,1991
The Barbarian,22,146,49,95,2,1991
Virgil,23,139,69,69,1,1991
Shawn Michaels,24,137,83,49,5,1991
The Berzerker,25,136,94,39,3,1991
Hercules,26,134,32,100,2,1991
Sgt. Slaughter,27,127,81,46,0,1991
Jimmy Snuka,28,112,56,55,1,1991
Jim Neidhart,29,106,77,27,2,1991
Paul Roma,30,103,21,79,3,1991
Tanaka,31,103,14,89,0,1991
The Ultimate Warrior,32,103,73,30,0,1991
Hulk Hogan,33,101,84,17,0,1991
Typhoon,34,100,36,62,2,1991
Col. Mustafa,35,99,33,66,0,1991
Koko B. Ware,36,97,22,75,0,1991
The Dragon,37,97,92,1,4,1991
Mr. Perfect,38,89,34,49,6,1991
Beau Beverly,39,88,72,15,1,1991
Blake Beverly,40,88,70,17,1,1991
Roddy Piper,41,88,52,36,0,1991
The Brooklyn Brawler,42,81,4,77,0,1991
Skinner,43,76,26,47,3,1991
Tugboat,44,72,24,48,0,1991
Haku,45,71,8,63,0,1991
Smash,46,69,11,58,0,1991
Ric Flair,47,66,38,28,0,1991
El Matador,48,65,54,8,3,1991
Rick Martel,49,56,9,45,2,1991
Dino Bravo,50,51,5,46,0,1991
Randy Savage,51,50,38,12,0,1991
Crush,52,45,7,38,0,1991
Jim Powers,53,45,10,35,0,1991
Gen. Adnan,54,36,0,36,0,1991
Tito Santana,55,34,21,13,0,1991
Dale Wolfe,56,30,0,30,0,1991
Sid Justice,57,27,25,0,2,1991
Bob Bradley,58,26,1,25,0,1991
Chris Chavis,59,26,22,4,0,1991
Big Bully Busick,60,24,9,15,0,1991
Mr. Fuji,61,22,0,22,0,1991
Chris Walker,62,19,15,4,0,1991
Louie Spicolli,63,19,0,19,0,1991
Shane Douglas,64,18,5,13,0,1991
Brian Donahue,65,16,0,16,0,1991
Jim Brunzell,66,16,0,16,0,1991
Sonny Blaze,67,16,0,16,0,1991
Barry Hardy,68,15,0,15,0,1991
Brian Costello,69,14,0,14,0,1991
Repo Man,70,13,8,5,0,1991
Duane Gill,71,12,0,12,0,1991
Saba Simba,72,12,3,9,0,1991
Pez Whatley,73,11,0,11,0,1991
Phil Apollo,74,11,0,11,0,1991
Barry Horowitz,75,10,0,10,0,1991
Bobby Jones,76,10,0,10,0,1991
Larry Ludden,77,10,0,10,0,1991
Mark Thomas,78,10,0,10,0,1991
Russ Greenberg,79,10,0,10,0,1991
Sam Houston,80,10,2,8,0,1991
Bobby Heenan,81,9,1,8,0,1991
Buddy Rose,82,9,0,9,0,1991
The Genius,83,9,4,5,0,1991
Bill Pierce,84,8,0,8,0,1991
Jim Evans,85,8,0,8,0,1991
Chris Duffy,86,7,0,7,0,1991
Larry Williams,87,7,0,7,0,1991
Mario Mancini,88,7,0,7,0,1991
Tom Stone,89,7,0,7,0,1991
Ed Moretti,90,6,0,6,0,1991
Reno Riggins,91,6,1,5,0,1991
The Black Knight,92,6,0,6,0,1991
Al Burke,93,5,0,5,0,1991
Buck Zumhofe,94,5,0,5,0,1991
Chic Cullen,95,5,0,5,0,1991
Chris Hahn,96,5,0,5,0,1991
Doug Vines,97,5,0,5,0,1991
Dustin Rhodes,98,5,3,2,0,1991
Mike Williams,99,5,0,5,0,1991
Owen Hart,100,5,5,0,0,1991
Bret Hart,1,201,187,13,1,1992
Repo Man,2,188,69,118,1,1992
Shawn Michaels,3,177,89,84,4,1992
El Matador,4,172,100,55,17,1992
Ric Flair,5,170,36,132,2,1992
Virgil,6,170,84,86,0,1992
Irwin R. Schyster,7,166,71,84,11,1992
Ted DiBiase,8,163,55,96,12,1992
Skinner,9,162,35,126,1,1992
Rick Martel,10,159,95,62,2,1992
Tatanka,11,158,144,14,0,1992
The Undertaker,12,158,142,8,8,1992
Randy Savage,13,157,114,41,2,1992
Owen Hart,14,156,96,59,1,1992
Earthquake,15,154,117,37,0,1992
Papa Shango,16,145,33,109,3,1992
Typhoon,17,145,106,39,0,1992
Blake Beverly,18,143,40,102,1,1992
The Mountie,19,139,52,87,0,1992
Jerry Sags,20,138,72,62,4,1992
Beau Beverly,21,137,39,97,1,1992
Brian Knobbs,22,131,67,60,4,1992
Crush,23,130,128,0,2,1992
The Big Boss Man,24,122,86,36,0,1992
Kato,25,121,9,112,0,1992
Koko B. Ware,26,113,58,54,1,1992
Nailz,27,109,50,55,4,1992
The British Bulldog,28,109,97,11,1,1992
The Berzerker,29,108,25,83,0,1992
Jim Duggan,30,104,61,41,2,1992
Sgt. Slaughter,31,104,45,59,0,1992
Animal,32,102,99,3,0,1992
Jim Powers,33,102,28,74,0,1992
The Brooklyn Brawler,34,101,3,98,0,1992
Kamala,35,97,39,58,0,1992
The Ultimate Warrior,36,88,86,1,1,1992
Razor Ramon,37,80,62,17,1,1992
Hawk,38,76,73,3,0,1992
Luke,39,75,50,25,0,1992
Butch,40,73,47,26,0,1992
Jim Brunzell,41,66,15,51,0,1992
Sid Justice,42,58,15,35,8,1992
Roddy Piper,43,54,40,14,0,1992
The Texas Tornado,44,54,33,21,0,1992
Barry Horowitz,45,53,0,53,0,1992
Chris Walker,46,49,24,24,1,1992
The Warlord,47,45,28,15,2,1992
Jake Roberts,48,40,4,36,0,1992
Terry Taylor,49,40,14,24,2,1992
Max Moon,50,38,37,1,0,1992
Fatu,51,37,36,1,0,1992
Lance Cassidy,52,37,35,1,1,1992
Samu,53,36,35,1,0,1992
Bob Backlund,54,33,33,0,0,1992
Col. Mustafa,55,33,1,32,0,1992
Hulk Hogan,56,32,29,3,0,1992
Bob Bradley,57,28,0,28,0,1992
Marty Jannetty,58,26,13,12,1,1992
The Genius,59,26,4,22,0,1992
Jim Neidhart,60,23,19,4,0,1992
Louie Spicolli,61,23,0,23,0,1992
Dale Wolfe,62,22,0,22,0,1992
Duane Gill,63,22,1,21,0,1992
Damien DeMento,64,21,12,9,0,1992
JW Storm,65,21,4,17,0,1992
Barry Hardy,66,20,1,19,0,1992
Hercules,67,19,4,15,0,1992
Double Trouble I,68,17,1,16,0,1992
Double Trouble II,69,17,1,16,0,1992
Red Tyler,70,16,0,16,0,1992
Tom Stone,71,15,0,15,0,1992
Yokozuna,72,15,15,0,0,1992
Glen Ruth,73,14,0,14,0,1992
Brian Costello,74,13,0,13,0,1992
Iron Mike Sharpe,75,13,1,12,0,1992
Bam Bam Bigelow,76,12,11,1,0,1992
Dino Bravo,77,10,1,9,0,1992
Chris Chavis,78,9,9,0,0,1992
Doug Somers,79,9,0,9,0,1992
Jimmy Snuka,80,9,1,8,0,1992
Joey Maggs,81,9,0,9,0,1992
Kevin Krueger,82,9,0,9,0,1992
Paul Ellering,83,9,9,0,0,1992
Phil Apollo,84,9,0,9,0,1992
Bill Pierce,85,8,0,8,0,1992
Chris Hahn,86,8,0,7,1,1992
Greg Valentine,87,8,4,4,0,1992
The Dublin Destroyer,88,8,0,8,0,1992
Buck Zumhofe,89,7,0,7,0,1992
Gary Jackson,90,6,0,6,0,1992
Jeff Jarrett,91,6,6,0,0,1992
Mickey Jay,92,6,0,6,0,1992
Mr. Fuji,93,6,0,6,0,1992
Ron Cumberledge,94,6,0,6,0,1992
The Barbarian,95,6,0,6,0,1992
Bill Jordan,96,5,0,5,0,1992
Brian Jewel,97,5,0,5,0,1992
Del Wilkes,98,5,2,3,0,1992
Jason Knight,99,5,0,5,0,1992
Jerry Fox,100,5,0,5,0,1992
Yokozuna,1,203,114,89,0,1993
Bam Bam Bigelow,2,186,94,81,11,1993
Rick Steiner,3,182,173,9,0,1993
Scott Steiner,4,180,171,8,1,1993
Doink,5,179,93,74,12,1993
Fatu,6,178,116,44,18,1993
Samu,7,177,115,44,18,1993
Irwin R. Schyster,8,174,57,113,4,1993
Tatanka,9,174,149,7,18,1993
Razor Ramon,10,169,115,50,4,1993
Bret Hart,11,165,139,26,0,1993
The Undertaker,12,161,144,16,1,1993
Mr. Perfect,13,152,115,29,8,1993
Shawn Michaels,14,142,73,62,7,1993
Lex Luger,15,133,87,42,4,1993
Virgil,16,126,77,49,0,1993
Bob Backlund,17,125,93,30,2,1993
Owen Hart,18,124,93,31,0,1993
Crush,19,116,85,21,10,1993
Damien DeMento,20,111,26,84,1,1993
Billy Gunn,21,103,55,48,0,1993
El Matador,22,103,58,43,2,1993
Bart Gunn,23,101,54,47,0,1993
Papa Shango,24,99,26,73,0,1993
The 1-2-3 Kid,25,99,67,29,3,1993
Bastion Booger,26,94,44,49,1,1993
Blake Beverly,27,93,6,87,0,1993
Ted DiBiase,28,92,32,60,0,1993
Adam Bomb,29,90,52,38,0,1993
Marty Jannetty,30,90,40,48,2,1993
Terry Taylor,31,90,21,69,0,1993
Kamala,32,83,47,36,0,1993
The Brooklyn Brawler,33,81,17,64,0,1993
Randy Savage,34,74,39,29,6,1993
Ludvig Borga,35,71,25,45,1,1993
Jim Duggan,36,70,27,43,0,1993
Jim Powers,37,67,16,51,0,1993
Jacques,38,65,23,42,0,1993
Typhoon,39,65,39,26,0,1993
Mr. Hughes,40,63,46,16,1,1993
Mo,41,62,50,12,0,1993
Mabel,42,61,48,13,0,1993
Jerry Sags,43,59,26,15,18,1993
Pierre,44,59,23,36,0,1993
Diesel,45,58,19,39,0,1993
Beau Beverly,46,56,1,55,0,1993
Brian Knobbs,47,53,19,16,18,1993
Giant Gonzalez,48,51,11,37,3,1993
Rick Martel,49,51,19,31,1,1993
Skinner,50,51,25,26,0,1993
Barry Horowitz,51,45,2,42,1,1993
Reno Riggins,52,45,1,44,0,1993
Butch,53,44,35,9,0,1993
Luke,54,44,35,9,0,1993
Iron Mike Sharpe,55,39,0,39,0,1993
Repo Man,56,37,4,33,0,1993
Kim Chee,57,34,1,33,0,1993
The Predator,58,33,3,30,0,1993
Jerry Lawler,59,32,14,18,0,1993
Koko B. Ware,60,32,5,27,0,1993
Ric Flair,61,30,1,28,1,1993
Little Louie,62,27,1,26,0,1993
Tiger Jackson,63,27,26,1,0,1993
Timothy Well,64,24,7,17,0,1993
Steven Dunn,65,23,7,16,0,1993
Hulk Hogan,66,22,20,2,0,1993
Brutus Beefcake,67,21,20,1,0,1993
Scott Taylor,68,21,0,21,0,1993
The Big Boss Man,69,21,4,17,0,1993
Barry Hardy,70,20,1,19,0,1993
Duane Gill,71,20,1,19,0,1993
Mike Bell,72,20,0,20,0,1993
PJ Walker,73,20,1,19,0,1993
Phil Apollo,74,18,1,17,0,1993
Rich Myers,75,18,1,17,0,1993
Tony Roy,76,17,0,17,0,1993
Jeff Jarrett,77,16,13,3,0,1993
Luna Vachon,78,16,11,5,0,1993
Sensational Sherri,79,16,5,11,0,1993
The Berzerker,80,16,0,16,0,1993
Tony DeVito,81,16,0,16,0,1993
Chris Duffy,82,14,1,13,0,1993
Dan Dubiel,83,14,0,14,0,1993
Glen Ruth,84,14,0,14,0,1993
Jim Brunzell,85,14,5,9,0,1993
Johnny Polo,86,14,3,11,0,1993
Max Moon,87,14,2,12,0,1993
Russ Greenberg,88,14,1,13,0,1993
Bert Centeno,89,13,0,13,0,1993
The Red Knight,90,12,0,12,0,1993
Brian Costello,91,11,0,11,0,1993
Executioner #1,92,11,0,11,0,1993
Louie Spicolli,93,11,1,10,0,1993
The Black Knight,94,11,0,11,0,1993
Tom Stone,95,11,0,11,0,1993
Dwayne Gill,96,10,0,9,1,1993
Jimmy del Ray,97,10,9,1,0,1993
Mike Khoury,98,10,0,10,0,1993
Tom Prichard,99,10,9,1,0,1993
Dale Wolfe,100,9,0,9,0,1993
Owen Hart,1,192,69,121,2,1994
Jeff Jarrett,2,179,121,55,3,1994
Tatanka,3,178,82,64,32,1994
Lex Luger,4,177,133,17,27,1994
Razor Ramon,5,170,144,21,5,1994
Bret Hart,6,167,159,7,1,1994
Yokozuna,7,164,66,94,4,1994
The 1-2-3 Kid,8,160,80,77,3,1994
Doink,9,159,76,83,0,1994
Adam Bomb,10,157,95,60,2,1994
Bam Bam Bigelow,11,157,79,76,2,1994
Irwin R. Schyster,12,157,102,55,0,1994
Diesel,13,156,117,32,7,1994
Kwang,14,155,59,94,2,1994
Mabel,15,153,86,66,1,1994
Fatu,16,142,93,49,0,1994
Billy Gunn,17,141,99,40,2,1994
Bart Gunn,18,134,98,34,2,1994
Pierre,19,121,38,82,1,1994
Samu,20,117,82,35,0,1994
Alundra Blayze,21,108,103,3,2,1994
Crush,22,104,33,70,1,1994
Jim Neidhart,23,85,24,61,0,1994
The Undertaker,24,85,84,1,0,1994
Tom Prichard,25,82,33,48,1,1994
Jacques,26,79,33,45,1,1994
Shawn Michaels,27,78,37,41,0,1994
Luke,28,77,63,14,0,1994
Duke Droese,29,76,59,17,0,1994
Butch,30,74,60,14,0,1994
Bob Backlund,31,73,34,39,0,1994
Jimmy del Ray,32,73,33,39,1,1994
Sparky Plugg,33,73,54,19,0,1994
Randy Savage,34,64,42,22,0,1994
Steven Dunn,35,63,8,55,0,1994
Timothy Well,36,62,8,54,0,1994
Bull Nakano,37,53,5,46,2,1994
Mo,38,53,27,26,0,1994
The British Bulldog,39,53,48,2,3,1994
Bob Holly,40,47,31,15,1,1994
Rick Martel,41,43,8,32,3,1994
Bastion Booger,42,42,9,33,0,1994
Jim Powers,43,42,2,40,0,1994
Earthquake,44,39,35,2,2,1994
King Kong Bundy,45,39,26,12,1,1994
Luna Vachon,46,39,1,38,0,1994
Nikolai Volkoff,47,36,24,12,0,1994
The Brooklyn Brawler,48,36,1,35,0,1994
Barry Horowitz,49,33,0,33,0,1994
Reno Riggins,50,30,0,30,0,1994
Virgil,51,30,2,28,0,1994
PJ Walker,52,28,2,26,0,1994
Jerry Lawler,53,27,20,7,0,1994
Mike Bell,54,26,0,26,0,1994
Thurman Sparky Plugg,55,25,19,5,1,1994
Abe Schwartz,56,24,13,10,1,1994
Marty Jannetty,57,24,8,15,1,1994
Rick Steiner,58,24,20,1,3,1994
Typhoon,59,24,4,20,0,1994
John Paul,60,22,3,19,0,1994
Scott Steiner,61,22,17,3,2,1994
Tony DeVito,62,22,0,22,0,1994
Aldo Montoya,63,21,21,0,0,1994
Executioner #2,64,21,0,21,0,1994
Iron Mike Sharpe,65,21,0,21,0,1994
Sionne,66,21,11,10,0,1994
Executioner #1,67,20,0,20,0,1994
Leilani Kai,68,20,0,20,0,1994
Barry Hardy,69,18,0,18,0,1994
Duane Gill,70,18,0,18,0,1994
Phil Apollo,71,18,0,18,0,1994
Scott Taylor,72,18,0,18,0,1994
The Undertaker,73,18,16,2,0,1994
Ben Jordan,74,17,0,17,0,1994
Gary Scott,75,17,0,17,0,1994
Heidi Lee Morgan,76,15,5,10,0,1994
Koko B. Ware,77,15,4,11,0,1994
Mike Khoury,78,15,0,15,0,1994
Rich Myers,79,15,0,15,0,1994
Mike Maraldo,80,14,0,14,0,1994
The Barbarian,81,14,1,13,0,1994
Johnny Polo,82,13,1,12,0,1994
Ludvig Borga,83,13,3,9,1,1994
The Black Phantom,84,13,0,13,0,1994
Tony Roy,85,13,0,13,0,1994
Chris Kanyon,86,12,0,12,0,1994
Cory Student,87,12,0,12,0,1994
Derek Domino,88,12,0,12,0,1994
Austin Steele,89,11,0,11,0,1994
George South,90,11,0,11,0,1994
Tim McNeany,91,11,0,11,0,1994
Dink,92,10,7,3,0,1994
Gary Sabough,93,10,0,10,0,1994
Louie Spicolli,94,10,0,10,0,1994
Bert Centeno,95,9,0,9,0,1994
John Chrystal,96,9,0,9,0,1994
Chris Hamrick,97,8,0,8,0,1994
Henry O. Godwinn,98,8,8,0,0,1994
Nick Barberi,99,8,0,8,0,1994
Ray Hudson,100,8,0,8,0,1994
Owen Hart,1,171,72,94,5,1995
Razor Ramon,2,170,125,39,6,1995
The British Bulldog,3,162,84,68,10,1995
Bret Hart,4,150,138,8,4,1995
Hakushi,5,148,89,59,0,1995
Diesel,6,143,119,21,3,1995
The Undertaker,7,138,125,10,3,1995
Billy Gunn,8,137,119,16,2,1995
Bart Gunn,9,136,118,16,2,1995
Kama,10,132,43,87,2,1995
Shawn Michaels,11,124,103,16,5,1995
Henry O. Godwinn,12,123,60,55,8,1995
Bob Holly,13,116,34,82,0,1995
Fatu,14,115,56,44,15,1995
The 1-2-3 Kid,15,115,56,59,0,1995
Yokozuna,16,114,49,63,2,1995
Bam Bam Bigelow,17,113,57,54,2,1995
Sid,18,108,31,76,1,1995
Savio Vega,19,106,86,17,3,1995
Skip,20,106,51,54,1,1995
Jeff Jarrett,21,104,27,76,1,1995
Aldo Montoya,22,101,30,70,1,1995
Hunter Hearst Helmsley,23,99,81,15,3,1995
Lex Luger,24,96,59,30,7,1995
Eli Blu,25,95,43,45,7,1995
Jacob Blu,26,93,42,44,7,1995
Jean-Pierre LaFitte,27,93,73,18,2,1995
Tatanka,28,93,20,66,7,1995
Barry Horowitz,29,91,29,62,0,1995
Bob Backlund,30,82,35,46,1,1995
Adam Bomb,31,80,52,25,3,1995
Rad Radford,32,80,15,65,0,1995
King Kong Bundy,33,77,36,39,2,1995
Alundra Blayze,34,73,35,38,0,1995
Duke Droese,35,73,31,42,0,1995
King Mabel,36,67,16,49,2,1995
Isaac Yankem DDS,37,61,19,42,0,1995
Man Mountain Rock,38,61,41,20,0,1995
Bertha Faye,39,54,23,31,0,1995
Doink,40,52,18,33,1,1995
Mabel,41,49,36,12,1,1995
Goldust,42,48,46,2,0,1995
The Brooklyn Brawler,43,48,1,47,0,1995
Sionne,44,46,8,31,7,1995
Tom Prichard,45,45,6,38,1,1995
Marty Jannetty,46,42,14,27,1,1995
Waylon Mercy,47,42,29,5,8,1995
Jimmy del Ray,48,39,5,33,1,1995
Ahmed Johnson,49,38,38,0,0,1995
Mantaur,50,37,14,23,0,1995
Mo,51,37,26,10,1,1995
Sir Mo,52,37,5,31,1,1995
Kwang,53,34,5,29,0,1995
Dean Douglas,54,31,14,16,1,1995
Irwin R. Schyster,55,29,2,27,0,1995
Butch,56,23,14,9,0,1995
Luke,57,23,14,9,0,1995
Mike Bell,58,23,0,23,0,1995
Jerry Lawler,59,21,5,16,0,1995
Timothy Well,60,21,0,21,0,1995
Steven Dunn,61,20,0,20,0,1995
Bull Nakano,62,18,16,2,0,1995
Scott Taylor,63,17,0,17,0,1995
The Roadie,64,16,9,7,0,1995
Troy,65,15,14,1,0,1995
Bill Payne,66,14,0,14,0,1995
Bob Cook,67,14,0,14,0,1995
Gary Scott,68,14,1,13,0,1995
Tony DeVito,69,14,0,14,0,1995
Travis,70,14,14,0,0,1995
Buck Quartermain,71,13,1,12,0,1995
Jason Ahrndt,72,13,0,13,0,1995
The Black Phantom,73,13,0,13,0,1995
John Chrystal,74,12,0,12,0,1995
Brian Walsh,75,10,0,10,0,1995
Matt Hardy,76,10,0,10,0,1995
Mike Khoury,77,10,0,10,0,1995
Nick Barberi,78,10,0,10,0,1995
Sycho Sid,79,9,0,9,0,1995
Jeff Hardy,80,8,1,7,0,1995
Jerry Flynn,81,8,0,8,0,1995
Leroy Howard,82,8,0,8,0,1995
Sonny Rogers,83,8,1,7,0,1995
Tony Roy,84,8,1,7,0,1995
Phil Apollo,85,7,0,7,0,1995
Reno Riggins,86,7,0,7,0,1995
Tim McNeany,87,7,0,7,0,1995
AC Conner,88,6,0,6,0,1995
Bert Centeno,89,6,0,6,0,1995
Charlie Hunter,90,6,0,6,0,1995
David Haskins,91,6,0,6,0,1995
Ken Raper,92,6,0,6,0,1995
Kenny Kendall,93,6,0,6,0,1995
Mark Starr,94,6,0,6,0,1995
Reginald Walker,95,6,0,6,0,1995
Virgil,96,6,0,6,0,1995
Avatar,97,5,4,1,0,1995
Ben Jordan,98,5,0,5,0,1995
Butch Long,99,5,0,5,0,1995
Duane Gill,100,5,0,5,0,1995
Hunter Hearst Helmsley,1,185,56,129,0,1996
Goldust,2,173,46,124,3,1996
Shawn Michaels,3,172,159,10,3,1996
Owen Hart,4,171,78,93,0,1996
Savio Vega,5,168,97,65,6,1996
The Undertaker,6,167,143,21,3,1996
Henry O. Godwinn,7,164,82,81,1,1996
The British Bulldog,8,162,66,93,3,1996
Phineas I. Godwinn,9,153,78,74,1,1996
Steve Austin,10,150,95,52,3,1996
Vader,11,145,35,103,7,1996
Justin Bradshaw,12,143,78,64,1,1996
Marc Mero,13,139,109,28,2,1996
Bart Gunn,14,132,53,72,7,1996
Billy Gunn,15,127,60,60,7,1996
Mankind,16,122,25,95,2,1996
Ahmed Johnson,17,107,94,12,1,1996
Jake Roberts,18,102,56,45,1,1996
Bob Holly,19,98,17,81,0,1996
Zip,20,96,51,45,0,1996
Leif Cassidy,21,95,14,80,1,1996
Sycho Sid,22,95,82,11,2,1996
Skip,23,92,49,43,0,1996
Marty Jannetty,24,89,14,74,1,1996
Aldo Montoya,25,77,13,64,0,1996
Bret Hart,26,76,67,6,3,1996
Yokozuna,27,70,35,34,1,1996
Duke Droese,28,68,36,32,0,1996
Barry Horowitz,29,60,11,49,0,1996
The 1-2-3 Kid,30,50,8,42,0,1996
Butch,31,48,39,9,0,1996
Luke,32,48,39,9,0,1996
Faarooq,33,45,29,14,2,1996
The Stalker,34,44,34,9,1,1996
Diesel,35,43,11,32,0,1996
Isaac Yankem DDS,36,43,4,39,0,1996
Razor Ramon,37,38,18,20,0,1996
The Sultan,38,38,33,5,0,1996
Crush,39,37,28,6,3,1996
Jason Grimm,40,37,13,17,7,1996
Jared Grimm,41,36,13,16,7,1996
Jerry Lawler,42,36,13,23,0,1996
Tatanka,43,30,6,24,0,1996
The Ultimate Warrior,44,29,27,0,2,1996
Salvatore Sincere,45,27,10,17,0,1996
Razor Ramon,46,25,12,12,1,1996
Fatu,47,24,12,11,1,1996
The Ringmaster,48,24,20,4,0,1996
Freddie Joe Floyd,49,22,9,13,0,1996
Diesel,50,21,12,8,1,1996
Bob Backlund,51,19,2,17,0,1996
Alex Porteau,52,17,3,14,0,1996
Doug Furnas,53,17,17,0,0,1996
Jesse Jammes,54,17,8,9,0,1996
Philip LaFon,55,17,17,0,0,1996
TL Hopper,56,17,3,14,0,1996
Jeff Jarrett,57,16,0,16,0,1996
The Brooklyn Brawler,58,13,0,13,0,1996
Zebekiah,59,13,0,13,0,1996
Rocky Maivia,60,12,10,2,0,1996
Dr. X,61,11,0,11,0,1996
Hakushi,62,11,1,10,0,1996
Jason Ahrndt,63,10,2,8,0,1996
Carl LeDuc,64,9,3,6,0,1996
Jim Cornette,65,9,1,7,1,1996
Jose Lothario,66,9,7,1,1,1996
The Goon,67,9,2,7,0,1996
Flash Funk,68,8,6,1,1,1996
Brakus,69,7,7,0,0,1996
David Haskins,70,7,0,7,0,1996
Marty Garner,71,7,1,6,0,1996
Matt Hardy,72,7,1,6,0,1996
Frank Stalletto,73,6,1,5,0,1996
Scott Taylor,74,6,1,5,0,1996
The Executioner,75,6,4,2,0,1996
Who,76,6,1,5,0,1996
Avatar,77,5,1,4,0,1996
Jeff Hardy,78,5,0,5,0,1996
Tim Patterson,79,5,0,5,0,1996
Brian Walsh,80,4,0,4,0,1996
Lou Marconi,81,4,0,4,0,1996
Pierroth,82,4,3,1,0,1996
Roddy Piper,83,4,3,0,1,1996
Samu,84,4,0,4,0,1996
The Tahitian Warrior,85,4,0,4,0,1996
Tony Williams,86,4,1,3,0,1996
Billy Two Eagles,87,3,0,3,0,1996
Buddy Wayne,88,3,0,3,0,1996
Cibernetico,89,3,2,1,0,1996
Don Callis,90,3,0,3,0,1996
Faarooq Asad,91,3,2,0,1,1996
Guido Falcone,92,3,0,3,0,1996
Hector Garza,93,3,3,0,0,1996
Jerry Fox,94,3,0,3,0,1996
Mike Diamond,95,3,0,3,0,1996
Travis,96,3,0,3,0,1996
Troy,97,3,0,3,0,1996
Argo,98,2,2,0,0,1996
Bert Centeno,99,2,0,2,0,1996
Chris Harris,100,2,0,2,0,1996
Owen Hart,1,175,72,99,4,1997
The Undertaker,2,173,135,28,10,1997
The British Bulldog,3,150,62,85,3,1997
Flash Funk,4,149,47,101,1,1997
Savio Vega,5,147,49,95,3,1997
Goldust,6,145,69,74,2,1997
Hunter Hearst Helmsley,7,145,72,71,2,1997
Vader,8,139,56,76,7,1997
Faarooq,9,137,60,74,3,1997
Phineas I. Godwinn,10,137,68,61,8,1997
Crush,11,130,74,51,5,1997
Henry O. Godwinn,12,127,69,50,8,1997
Thrasher,13,126,50,71,5,1997
Mosh,14,123,47,71,5,1997
Mankind,15,122,60,59,3,1997
Bret Hart,16,121,47,69,5,1997
Rocky Maivia,17,116,60,54,2,1997
Steve Austin,18,116,79,32,5,1997
Ahmed Johnson,19,113,81,31,1,1997
Road Warrior Hawk,20,99,75,17,7,1997
Road Warrior Animal,21,95,72,16,7,1997
Ken Shamrock,22,94,79,13,2,1997
Blackjack Bradshaw,23,89,34,53,2,1997
Blackjack Windham,24,85,33,52,0,1997
Rockabilly,25,78,39,38,1,1997
D-Lo Brown,26,75,18,55,2,1997
The Sultan,27,74,22,52,0,1997
Jesse Jammes,28,73,23,50,0,1997
Kama Mustafa,29,71,27,40,4,1997
Philip LaFon,30,71,30,40,1,1997
Doug Furnas,31,69,29,39,1,1997
Chainz,32,68,39,26,3,1997
Miguel Perez,33,64,20,43,1,1997
Brian Pillman,34,61,25,36,0,1997
Leif Cassidy,35,57,17,39,1,1997
Marc Mero,36,56,38,17,1,1997
Bob Holly,37,55,13,42,0,1997
Dude Love,38,55,43,12,0,1997
Sycho Sid,39,54,37,15,2,1997
Shawn Michaels,40,53,27,22,4,1997
Billy Gunn,41,51,30,20,1,1997
8-Ball,42,50,31,18,1,1997
Skull,43,48,32,15,1,1997
Brian Christopher,44,44,34,10,0,1997
Jim Neidhart,45,42,13,29,0,1997
Scott Taylor,46,40,14,26,0,1997
Triple H,47,39,6,31,2,1997
Aldo Montoya,48,38,9,28,1,1997
Jose Estrada,49,38,14,24,0,1997
The Road Dogg,50,37,25,11,1,1997
The Patriot,51,36,23,13,0,1997
Salvatore Sincere,52,35,6,29,0,1997
Jesus Castillo,53,29,10,19,0,1997
Bart Gunn,54,26,11,14,1,1997
The Rock,55,24,5,19,0,1997
Recon,56,23,16,6,1,1997
Kane,57,21,20,0,1,1997
Brakus,58,20,17,3,0,1997
Jerry Lawler,59,20,12,7,1,1997
Taka Michinoku,60,20,12,8,0,1997
Sniper,61,19,13,5,1,1997
Barry Horowitz,62,16,1,15,0,1997
Freddie Joe Floyd,63,16,4,12,0,1997
Mark Henry,64,15,15,0,0,1997
The Brooklyn Brawler,65,14,0,14,0,1997
The Interrogator,66,14,12,2,0,1997
Tiger Ali Singh,67,13,12,1,0,1997
Diesel,68,11,3,8,0,1997
Max Mini,69,11,10,0,1,1997
TL Hopper,70,11,1,10,0,1997
Justin Bradshaw,71,9,1,8,0,1997
El Torito,72,8,1,6,1,1997
Jeff Jarrett,73,8,7,0,1,1997
Matt Hardy,74,8,0,8,0,1997
Razor Ramon,75,8,1,7,0,1997
Scott Putski,76,8,6,2,0,1997
Tarantula,77,8,0,7,1,1997
The Jackyl,78,8,6,2,0,1997
Alex Porteau,79,7,0,7,0,1997
Jake Roberts,80,7,3,4,0,1997
Jeff Hardy,81,7,0,7,0,1997
Nova,82,7,7,0,0,1997
Steve Blackman,83,7,6,1,0,1997
Piratita Morgan,84,6,0,6,0,1997
TAFKA Goldust,85,6,4,2,0,1997
Tony DeVito,86,6,1,5,0,1997
Devon Storm,87,5,2,3,0,1997
Heavy Metal,88,5,1,4,0,1997
Histeria,89,5,2,3,0,1997
Mascarita Sagrada Jr.,90,5,4,1,0,1997
Mosaic,91,5,3,2,0,1997
Nick Barberry,92,5,1,4,0,1997
Sonny Rogers,93,5,0,5,0,1997
Tony Williams,94,5,2,3,0,1997
Venum,95,5,3,2,0,1997
Abismo Negro,96,4,0,4,0,1997
Cactus Jack,97,4,4,0,0,1997
Dr. X,98,4,0,4,0,1997
El Mosco,99,4,1,3,0,1997
Glen Kulka,100,4,4,0,0,1997
The Rock,1,199,73,116,10,1998
Billy Gunn,2,192,119,68,5,1998
The Road Dogg,3,185,121,60,4,1998
Ken Shamrock,4,182,134,40,8,1998
Kane,5,176,60,105,11,1998
Jeff Jarrett,6,160,67,90,3,1998
D-Lo Brown,7,159,47,105,7,1998
Marc Mero,8,149,43,102,4,1998
Skull,9,143,66,64,13,1998
Owen Hart,10,142,59,81,2,1998
Steve Austin,11,141,125,7,9,1998
8-Ball,12,134,63,58,13,1998
Faarooq,13,130,62,61,7,1998
Brian Christopher,14,129,30,96,3,1998
The Undertaker,15,126,69,48,9,1998
Mosh,16,123,81,37,5,1998
Bradshaw,17,118,89,24,5,1998
Mark Henry,18,117,39,73,5,1998
Thrasher,19,117,79,33,5,1998
Mankind,20,111,30,73,8,1998
Steve Blackman,21,109,58,49,2,1998
Triple H,22,109,54,51,4,1998
X-Pac,23,107,75,25,7,1998
Road Warrior Animal,24,95,38,51,6,1998
Vader,25,95,44,44,7,1998
Taka Michinoku,26,93,63,28,2,1998
Road Warrior Hawk,27,92,38,48,6,1998
Val Venis,28,90,71,15,4,1998
Scott Taylor,29,86,26,59,1,1998
Scorpio,30,73,37,35,1,1998
Savio Vega,31,66,10,54,2,1998
Kurrgan,32,63,35,27,1,1998
Edge,33,61,46,11,4,1998
TAFKA Goldust,34,60,5,53,2,1998
Chainz,35,53,10,41,2,1998
Gangrel,36,52,30,19,3,1998
Golga,37,48,21,27,0,1998
Cactus Jack,38,47,32,14,1,1998
The Godfather,39,47,23,19,5,1998
Dustin Runnels,40,42,13,28,1,1998
Phineas I. Godwinn,41,42,26,16,0,1998
Goldust,42,41,19,19,3,1998
Pierre,43,41,7,33,1,1998
Henry O. Godwinn,44,39,26,13,0,1998
Tom Brandi,45,39,7,32,0,1998
Kama Mustafa,46,38,5,31,2,1998
Al Snow,47,37,16,19,2,1998
Jesus Castillo,48,37,4,32,1,1998
Matt Hardy,49,37,9,27,1,1998
Jacques,50,36,7,28,1,1998
Dennis Knight,51,35,11,21,3,1998
Tiger Ali Singh,52,34,15,17,2,1998
Darren Drozdov,53,33,12,19,2,1998
Jacqueline,54,33,6,27,0,1998
Bodacious Bart,55,32,9,21,2,1998
Droz,56,32,7,22,3,1998
Jeff Hardy,57,32,9,22,1,1998
Miguel Perez,58,32,6,25,1,1998
Bombastic Bob,59,31,9,20,2,1998
Terry Funk,60,31,20,10,1,1998
Sable,61,29,23,5,1,1998
Jose Estrada,62,26,3,21,2,1998
Animal,63,25,8,15,2,1998
Barry Windham,64,25,8,16,1,1998
Chainsaw Charlie,65,25,17,7,1,1998
Christian,66,25,18,5,2,1998
Mark Canterbury,67,23,11,9,3,1998
Sho Funaki,68,23,10,12,1,1998
Dick Togo,69,22,8,13,1,1998
Dan Severn,70,20,14,5,1,1998
The Big Bossman,71,20,8,11,1,1998
El Torito,72,18,2,16,0,1998
Max Mini,73,17,16,1,0,1998
Papi Chulo,74,17,7,9,1,1998
Bob Holly,75,16,10,6,0,1998
Aguila,76,15,7,8,0,1998
Mens Teioh,77,15,8,7,0,1998
Nova,78,15,14,1,0,1998
Ricky Morton,79,15,2,13,0,1998
Robert Gibson,80,15,2,13,0,1998
Steven Regal,81,15,9,2,4,1998
Battalion,82,14,1,13,0,1998
Giant Silva,83,12,9,3,0,1998
Dude Love,84,11,7,4,0,1998
Brakus,85,10,2,8,0,1998
Luna,86,10,6,2,2,1998
Mosaic,87,10,9,1,0,1998
Tarantula,88,10,1,9,0,1998
The Blue Blazer,89,10,1,9,0,1998
Flash Funk,90,9,5,4,0,1998
Adam Copeland,91,8,5,3,0,1998
Hawk,92,8,7,1,0,1998
Duane Gill,93,7,4,2,1,1998
El Merenguero,94,7,5,1,1,1998
Kevin Quinn,95,7,2,4,1,1998
Recon,96,7,1,5,1,1998
Shawn Stasiak,97,7,0,7,0,1998
Apolo Dantes,98,6,1,3,2,1998
Bart Gunn,99,6,5,0,1,1998
Christopher Daniels,100,6,1,5,0,1998
Kane,1,200,102,86,12,1999
Val Venis,2,188,93,89,6,1999
The Rock,3,185,95,73,17,1999
D-Lo Brown,4,184,83,94,7,1999
The Big Bossman,5,179,49,121,9,1999
Edge,6,175,83,82,10,1999
Triple H,7,172,54,104,14,1999
The Godfather,8,171,108,57,6,1999
Al Snow,9,166,96,65,5,1999
X-Pac,10,162,91,64,7,1999
Bradshaw,11,161,85,60,16,1999
Faarooq,12,157,83,59,15,1999
Test,13,156,61,90,5,1999
The Road Dogg,14,152,84,57,11,1999
Christian,15,151,75,69,7,1999
Jeff Jarrett,16,151,97,48,6,1999
The Big Show,17,146,92,39,15,1999
Hardcore Holly,18,140,57,75,8,1999
Mankind,19,138,91,37,10,1999
Jeff Hardy,20,137,52,79,6,1999
Matt Hardy,21,136,55,75,6,1999
Gangrel,22,128,58,65,5,1999
Steve Blackman,23,128,58,65,5,1999
Ken Shamrock,24,127,54,61,12,1999
Mideon,25,114,33,73,8,1999
The Undertaker,26,105,56,43,6,1999
Mr. Ass,27,88,38,46,4,1999
Viscera,28,88,27,54,7,1999
Prince Albert,29,87,24,57,6,1999
Ivory,30,84,41,41,2,1999
Billy Gunn,31,82,32,45,5,1999
Mark Henry,32,81,35,42,4,1999
Owen Hart,33,80,53,24,3,1999
Steve Austin,34,80,64,10,6,1999
Jacqueline,35,71,26,45,0,1999
Goldust,36,68,12,55,1,1999
Kurt Angle,37,64,56,8,0,1999
Droz,38,58,19,36,3,1999
Buh Buh Ray Dudley,39,55,17,38,0,1999
D-Von Dudley,40,54,18,36,0,1999
Crash Holly,41,53,17,31,5,1999
Tori,42,52,23,28,1,1999
Chris Jericho,43,50,19,26,5,1999
8-Ball,44,44,11,32,1,1999
Skull,45,44,11,32,1,1999
Scott Taylor,46,43,13,30,0,1999
The Blue Meanie,47,43,7,35,1,1999
The British Bulldog,48,42,19,21,2,1999
Brian Christopher,49,40,13,27,0,1999
Taka Michinoku,50,40,15,25,0,1999
Tiger Ali Singh,51,38,6,31,1,1999
Chyna,52,37,20,11,6,1999
Meat,53,35,14,21,0,1999
Papi Chulo,54,34,14,18,2,1999
Bob Holly,55,31,12,19,0,1999
Chaz,56,31,6,25,0,1999
Joey Abs,57,30,8,21,1,1999
Luna,58,30,12,18,0,1999
Funaki,59,28,8,20,0,1999
Grandmaster Sexay,60,26,13,13,0,1999
Mosh,61,26,15,11,0,1999
Thrasher,62,26,15,11,0,1999
Shawn Stasiak,63,25,5,20,0,1999
Scotty 2 Hotty,64,23,11,12,0,1999
Shane McMahon,65,22,10,8,4,1999
Miguel Perez,66,21,10,8,3,1999
Pete Gas,67,20,2,17,1,1999
Rodney,68,20,2,17,1,1999
Rikishi Phatu,69,18,16,2,0,1999
Dan Severn,70,16,1,15,0,1999
Stevie Richards,71,16,6,9,1,1999
El Merenguero,72,15,8,4,3,1999
Kurrgan,73,15,1,14,0,1999
Apolo Dantes,74,14,5,6,3,1999
Golga,75,13,1,12,0,1999
Vince McMahon,76,13,8,4,1,1999
Gillberg,77,12,3,9,0,1999
Scorpio,78,12,2,10,0,1999
Armando Fernandez,79,10,7,2,1,1999
El Hijo del Santo,80,10,9,1,0,1999
Gerald Brisco,81,10,5,3,2,1999
Steve Bradley,82,10,4,6,0,1999
Debra,83,9,3,5,1,1999
Jerry Lawler,84,9,8,1,0,1999
Julio Sanchez,85,9,3,6,0,1999
Negro Casas,86,9,4,5,0,1999
Pat Patterson,87,9,5,3,1,1999
Pantera,88,8,3,5,0,1999
The Fabulous Moolah,89,8,5,3,0,1999
El Torito,90,7,3,4,0,1999
Johnny Grunge,91,7,3,4,0,1999
Mae Young,92,7,4,3,0,1999
Max Mini,93,7,5,2,0,1999
Paul Wight,94,7,3,2,2,1999
Ricky Banderas,95,7,3,2,2,1999
Rocco Rock,96,7,3,4,0,1999
Tom Howard,97,7,2,5,0,1999
Christopher Daniels,98,6,4,2,0,1999
The Brooklyn Brawler,99,6,0,6,0,1999
Tracy Smothers,100,6,0,6,0,1999
Jeff Hardy,1,182,89,88,5,2000
Matt Hardy,2,180,87,88,5,2000
Christian,3,178,90,85,3,2000
Kurt Angle,4,178,89,82,7,2000
Scotty 2 Hotty,5,174,89,81,4,2000
D-Von Dudley,6,173,89,77,7,2000
Chris Jericho,7,172,78,91,3,2000
Edge,8,172,89,80,3,2000
Chris Benoit,9,162,72,86,4,2000
Test,10,153,50,100,3,2000
Grandmaster Sexay,11,152,74,74,4,2000
The Rock,12,152,97,44,11,2000
Steve Blackman,13,139,94,41,4,2000
Kane,14,138,80,49,9,2000
Triple H,15,137,56,70,11,2000
Perry Saturn,16,136,58,75,3,2000
D-Lo Brown,17,133,64,65,4,2000
Val Venis,18,133,70,61,2,2000
Al Snow,19,131,51,76,4,2000
The Road Dogg,20,131,60,66,5,2000
Dean Malenko,21,130,84,45,1,2000
X-Pac,22,127,55,65,7,2000
Bull Buchanan,23,124,62,59,3,2000
Albert,24,123,35,87,1,2000
Eddie Guerrero,25,122,66,54,2,2000
Bradshaw,26,111,59,49,3,2000
The Big Bossman,27,109,30,73,6,2000
Buh Buh Ray Dudley,28,104,50,48,6,2000
Rikishi,29,103,60,35,8,2000
Faarooq,30,99,54,42,3,2000
Essa Rios,31,87,32,53,2,2000
Tazz,32,86,38,45,3,2000
The Godfather,33,86,52,26,8,2000
Hardcore Holly,34,85,23,57,5,2000
Crash Holly,35,83,30,46,7,2000
Crash,36,81,27,52,2,2000
Funaki,37,81,19,62,0,2000
Gangrel,38,72,18,53,1,2000
The Undertaker,39,69,49,14,6,2000
Bubba Ray Dudley,40,68,42,26,0,2000
Lita,41,67,36,29,2,2000
The Big Show,42,66,25,34,7,2000
The Goodfather,43,66,39,27,0,2000
Rikishi Phatu,44,63,49,10,4,2000
Joey Abs,45,60,16,44,0,2000
Chaz,46,59,26,33,0,2000
Mosh,47,59,15,43,1,2000
Taka Michinoku,48,58,13,44,1,2000
Jack Dupp,49,57,35,22,0,2000
Bo Dupp,50,56,34,22,0,2000
Rodney,51,54,14,40,0,2000
Mideon,52,53,13,40,0,2000
Thrasher,53,53,10,42,1,2000
Pete Gas,54,48,10,38,0,2000
Billy Gunn,55,46,29,17,0,2000
Jacqueline,56,46,27,19,0,2000
Chyna,57,45,22,21,2,2000
Ivory,58,44,20,23,1,2000
Prince Albert,59,39,15,21,3,2000
Raven,60,35,15,20,0,2000
William Regal,61,34,22,11,1,2000
Just Joe,62,32,13,19,0,2000
Trish Stratus,63,32,4,27,1,2000
Viscera,64,30,9,20,1,2000
Steve Austin,65,27,17,4,6,2000
Scott Vick,66,22,12,10,0,2000
Mr. Ass,67,21,8,11,2,2000
Stevie Richards,68,20,3,16,1,2000
Jerry Lawler,69,18,14,4,0,2000
Mark Henry,70,18,6,10,2,2000
The Brooklyn Brawler,71,18,4,14,0,2000
K-Kwik,72,17,10,7,0,2000
Shane McMahon,73,17,5,9,3,2000
K-Krush,74,16,15,1,0,2000
Steven Richards,75,16,8,7,1,2000
The Kat,76,15,7,8,0,2000
Terri,77,13,7,6,0,2000
Cactus Jack,78,12,7,4,1,2000
The British Bulldog,79,12,8,2,2,2000
Charlie Haas,80,10,6,4,0,2000
Molly Holly,81,10,6,4,0,2000
Russ Haas,82,10,6,4,0,2000
Joe E. Legend,83,9,5,4,0,2000
Stephanie McMahon-Helmsley,84,8,5,2,1,2000
Gerald Brisco,85,6,2,2,2,2000
Steven Regal,86,6,6,0,0,2000
Julio Fantastico,87,5,0,5,0,2000
Mae Young,88,5,3,2,0,2000
Steve Bradley,89,5,0,5,0,2000
Tracy Smothers,90,5,0,5,0,2000
Vince McMahon,91,5,3,1,1,2000
JR Ryder,92,4,0,4,0,2000
Jason Lee,93,4,0,4,0,2000
The Fabulous Moolah,95,4,1,3,0,2000
Tiger Ali Singh,96,4,2,2,0,2000
American Dragon,97,3,1,2,0,2000
Bob Evans,98,3,0,3,0,2000
Chris Michaels,99,3,0,3,0,2000
Christopher Daniels,100,3,1,2,0,2000
Chris Jericho,1,165,93,68,4,2001
Kurt Angle,2,164,83,75,6,2001
Jeff Hardy,3,162,85,73,4,2001
D-Von Dudley,4,161,88,67,6,2001
Matt Hardy,5,161,85,73,3,2001
Bubba Ray Dudley,6,155,81,69,5,2001
Kane,7,147,98,47,2,2001
Test,8,146,80,64,2,2001
Edge,9,143,77,63,3,2001
Christian,10,141,67,71,3,2001
Raven,11,132,54,74,4,2001
The Big Show,12,130,77,51,2,2001
Billy Gunn,13,129,75,52,2,2001
Albert,14,128,77,49,2,2001
The Undertaker,15,128,94,28,6,2001
Crash,16,125,46,79,0,2001
Bradshaw,17,118,79,37,2,2001
Justin Credible,18,113,35,75,3,2001
Perry Saturn,19,112,57,55,0,2001
X-Pac,20,112,60,49,3,2001
Steve Austin,21,107,58,47,2,2001
Faarooq,22,101,64,36,1,2001
Rhyno,23,97,49,45,3,2001
Spike Dudley,24,92,39,53,0,2001
The Rock,25,91,62,24,5,2001
Rob Van Dam,26,87,61,21,5,2001
Tajiri,27,85,43,42,0,2001
Chris Benoit,28,81,47,32,2,2001
Ivory,29,80,36,42,2,2001
Lita,30,79,54,23,2,2001
Funaki,31,78,16,61,1,2001
Lance Storm,32,78,23,54,1,2001
Scotty 2 Hotty,33,78,37,38,3,2001
William Regal,34,76,27,47,2,2001
Hardcore Holly,35,72,39,30,3,2001
Chuck Palumbo,36,71,43,27,1,2001
Booker T,37,69,34,32,3,2001
Taka Michinoku,38,62,20,41,1,2001
Steve Blackman,39,54,31,22,1,2001
Hugh Morrus,40,50,10,40,0,2001
Molly Holly,41,50,14,35,1,2001
Bull Buchanan,42,49,6,43,0,2001
Haku,43,49,17,32,0,2001
K-Kwik,44,48,20,28,0,2001
Tazz,45,48,21,25,2,2001
Triple H,46,48,11,34,3,2001
The Goodfather,47,47,7,40,0,2001
The Hurricane,48,47,19,28,0,2001
Tommy Dreamer,49,47,10,36,1,2001
Grandmaster Sexay,50,44,21,22,1,2001
Mike Awesome,51,44,7,36,1,2001
Rikishi,52,44,13,31,0,2001
Steven Richards,53,44,7,36,1,2001
Eddie Guerrero,54,42,20,21,1,2001
Essa Rios,55,42,18,24,0,2001
Val Venis,56,42,10,32,0,2001
Dean Malenko,57,40,14,26,0,2001
Kanyon,58,40,17,23,0,2001
Jacqueline,59,39,18,19,2,2001
Shawn Stasiak,60,39,10,28,1,2001
Trish Stratus,61,39,24,11,4,2001
Billy Kidman,62,35,23,12,0,2001
Jerry Lynn,63,34,19,15,0,2001
Diamond Dallas Page,64,31,9,20,2,2001
Brock Lesnar,65,30,23,7,0,2001
Chavo Guerrero Jr.,66,28,11,17,0,2001
Rico Costantino,67,25,5,20,0,2001
Randy Orton,68,23,12,11,0,2001
Sean O'Haire,69,23,12,10,1,2001
Ron Waterman,70,20,12,8,0,2001
The Big Bossman,71,20,4,16,0,2001
Scott Vick,72,19,7,12,0,2001
Steve Bradley,73,19,5,14,0,2001
The Brooklyn Brawler,74,18,2,16,0,2001
Al Snow,75,17,6,10,1,2001
Stacy Keibler,76,17,4,13,0,2001
Torrie Wilson,77,17,10,7,0,2001
Chris Kanyon,78,16,4,11,1,2001
Charlie Haas,79,15,9,6,0,2001
Hurricane Helms,80,15,5,10,0,2001
Mighty Molly,81,14,5,9,0,2001
Russ McCullough,82,12,3,9,0,2001
Russ Haas,83,11,9,2,0,2001
Shane McMahon,84,11,5,6,0,2001
Jazz,85,10,0,10,0,2001
Buh Buh Ray Dudley,86,9,6,2,1,2001
Chaz,87,9,5,4,0,2001
Maven,88,9,1,7,1,2001
Chyna,89,8,7,1,0,2001
D-Lo Brown,90,8,5,3,0,2001
Mark Jindrak,91,8,3,4,1,2001
Bo Dupp,92,7,3,4,0,2001
Stephanie McMahon-Helmsley,93,7,3,2,2,2001
Terri,94,7,1,6,0,2001
The Inferno Kid,95,7,2,5,0,2001
Loki,96,6,1,5,0,2001
Race Steele,97,6,0,6,0,2001
Ekmo,98,5,5,0,0,2001
Gregory Helms,99,5,0,5,0,2001
Jerry Lawler,100,5,4,1,0,2001
Rob Van Dam,1,181,121,60,0,2002
Lance Storm,2,176,90,84,2,2002
Kurt Angle,3,174,58,111,5,2002
Christian,4,170,92,78,0,2002
Booker T,5,167,84,78,5,2002
Test,6,160,70,87,3,2002
Edge,7,159,91,67,1,2002
Chris Jericho,8,158,86,69,3,2002
Rikishi,9,158,81,75,2,2002
Billy Kidman,10,156,79,77,0,2002
Spike Dudley,11,154,81,73,0,2002
Tajiri,12,154,64,90,0,2002
The Hurricane,13,154,89,64,1,2002
Bubba Ray Dudley,14,152,53,98,1,2002
William Regal,15,148,63,83,2,2002
Albert,16,147,61,83,3,2002
Chuck,17,144,101,43,0,2002
Brock Lesnar,18,141,101,35,5,2002
The Big Show,19,136,65,63,8,2002
Billy,20,135,98,37,0,2002
Trish Stratus,21,134,84,50,0,2002
Goldust,22,128,56,70,2,2002
Jeff Hardy,23,127,62,64,1,2002
Funaki,24,124,40,84,0,2002
Crash,25,122,42,79,1,2002
Steven Richards,26,122,33,86,3,2002
Chavo Guerrero,27,120,57,63,0,2002
Triple H,28,119,81,35,3,2002
Eddie Guerrero,29,118,55,63,0,2002
Tommy Dreamer,30,118,53,60,5,2002
Justin Credible,31,114,24,90,0,2002
Randy Orton,32,109,40,69,0,2002
Bradshaw,33,107,45,55,7,2002
Matt Hardy,34,107,64,43,0,2002
Raven,35,105,30,75,0,2002
D-Lo Brown,36,104,69,34,1,2002
Molly Holly,37,103,43,60,0,2002
Jamie Noble,38,102,61,41,0,2002
Kane,39,97,66,30,1,2002
The Undertaker,40,92,56,32,4,2002
Chris Benoit,41,89,46,40,3,2002
Hardcore Holly,42,83,40,42,1,2002
Shelton Benjamin,43,81,44,37,0,2002
John Cena,44,78,40,38,0,2002
Rey Mysterio,45,78,47,30,1,2002
Val Venis,46,75,37,37,1,2002
Jacqueline,47,74,37,37,0,2002
Shawn Stasiak,48,74,16,51,7,2002
Shannon Moore,49,73,33,40,0,2002
Faarooq,50,70,35,35,0,2002
Batista,51,69,51,18,0,2002
Christopher Nowinski,52,69,30,37,2,2002
D-Von Dudley,53,68,30,38,0,2002
Reverend D-Von,54,67,30,37,0,2002
Mark Henry,55,60,34,26,0,2002
Rico,56,58,24,34,0,2002
Johnny Stamboli,57,56,21,35,0,2002
Steve Austin,58,56,42,10,4,2002
Jazz,59,55,36,18,1,2002
Maven,60,55,15,37,3,2002
Scotty 2 Hotty,61,53,22,31,0,2002
Victoria,62,53,18,35,0,2002
Bull Buchanan,63,50,19,31,0,2002
Torrie Wilson,64,50,44,6,0,2002
Al Snow,65,48,11,34,3,2002
Dawn Marie,66,48,13,35,0,2002
Hugh Morrus,67,48,15,31,2,2002
Ric Flair,68,48,12,34,2,2002
Mr. Perfect,69,46,15,30,1,2002
The Big Valbowski,70,45,21,23,1,2002
Matt Hardy Version 1.0,71,44,18,26,0,2002
Sean O'Haire,72,42,20,22,0,2002
Diamond Dallas Page,73,41,26,13,2,2002
Rosey,74,40,26,14,0,2002
Jamal,75,39,25,14,0,2002
X-Pac,76,39,21,16,2,2002
The Big Bossman,77,36,10,26,0,2002
The Rock,78,36,23,11,2,2002
Tazz,79,34,20,14,0,2002
Ron Waterman,80,33,8,25,0,2002
Hulk Hogan,81,31,20,8,3,2002
Doug Basham,82,29,7,22,0,2002
Scott Hall,83,27,10,14,3,2002
Perry Saturn,84,25,12,13,0,2002
Redd Dogg,85,24,5,19,0,2002
Rico Costantino,86,24,8,16,0,2002
Charlie Haas,87,23,15,8,0,2002
Rob Conway,88,23,4,19,0,2002
The Godfather,89,23,9,14,0,2002
Bill DeMott,90,22,14,8,0,2002
Chuck Palumbo,91,22,11,11,0,2002
D-Von,92,21,6,15,0,2002
Lita,93,21,15,6,0,2002
Mark Jindrak,94,21,17,4,0,2002
Stacy Keibler,95,20,3,17,0,2002
Ron Simmons,96,19,8,11,0,2002
Ivory,97,16,5,10,1,2002
Nidia,98,16,3,13,0,2002
Mighty Molly,99,14,1,12,1,2002
Nunzio,100,14,5,9,0,2002
Charlie Haas,1,154,90,63,1,2003
Chris Benoit,2,152,100,50,2,2003
Rob Van Dam,3,149,102,43,4,2003
Eddie Guerrero,4,146,90,55,1,2003
Shelton Benjamin,5,145,83,61,1,2003
Jamie Noble,6,141,37,101,3,2003
A-Train,7,140,47,92,1,2003
Rey Mysterio,8,138,84,51,3,2003
Brock Lesnar,9,137,96,39,2,2003
John Cena,10,137,54,82,1,2003
D-Von Dudley,11,134,80,53,1,2003
Christian,12,132,55,74,3,2003
Bubba Ray Dudley,13,130,76,53,1,2003
Tajiri,14,127,74,51,2,2003
Lance Storm,15,125,65,59,1,2003
Matt Hardy Version 1.0,16,124,75,47,2,2003
Maven,17,122,66,56,0,2003
Kane,18,121,68,51,2,2003
Rico,19,121,36,85,0,2003
Test,20,120,45,74,1,2003
The Hurricane,21,120,80,40,0,2003
Steven Richards,22,117,31,86,0,2003
Rhyno,23,116,51,63,2,2003
The Big Show,24,115,30,84,1,2003
Chris Jericho,25,113,44,65,4,2003
Nunzio,26,110,37,72,1,2003
Scott Steiner,27,109,70,39,0,2003
Trish Stratus,28,107,49,55,3,2003
Chuck Palumbo,29,105,38,67,0,2003
Booker T,30,104,69,32,3,2003
Molly Holly,31,100,38,62,0,2003
Rene Dupree,32,100,46,54,0,2003
Spike Dudley,33,100,48,51,1,2003
Rosey,34,99,37,62,0,2003
Tommy Dreamer,35,99,24,75,0,2003
Sean O'Haire,36,98,66,31,1,2003
Victoria,37,98,45,53,0,2003
Funaki,38,92,27,65,0,2003
Rikishi,39,91,51,38,2,2003
Billy Kidman,40,90,54,36,0,2003
Johnny Stamboli,41,89,32,56,1,2003
Rodney Mack,42,88,49,39,0,2003
Doug Basham,43,87,55,32,0,2003
Chavo Guerrero,44,85,36,48,1,2003
Danny Basham,45,84,54,30,0,2003
Randy Orton,46,83,39,41,3,2003
Triple H,47,83,49,31,3,2003
Kurt Angle,48,79,59,18,2,2003
Mark Jindrak,49,79,47,32,0,2003
Shannon Moore,50,79,19,60,0,2003
Val Venis,51,79,42,35,2,2003
Spanky,52,71,31,40,0,2003
Orlando Jordan,53,70,29,41,0,2003
Garrison Cade,54,67,37,30,0,2003
Ultimo Dragon,55,63,39,24,0,2003
Bradshaw,56,59,32,27,0,2003
Mark Henry,57,59,38,21,0,2003
Bill DeMott,58,57,34,23,0,2003
Batista,59,53,17,35,1,2003
Gail Kim,60,53,26,27,0,2003
The Undertaker,61,53,36,16,1,2003
Jazz,62,52,24,27,1,2003
Ric Flair,63,52,14,37,1,2003
Rob Conway,64,51,9,42,0,2003
Nidia,65,50,19,31,0,2003
Torrie Wilson,66,49,33,16,0,2003
Goldust,67,48,31,17,0,2003
Jacqueline,68,48,11,37,0,2003
Christopher Nowinski,69,47,21,26,0,2003
Brian Kendrick,70,45,16,29,0,2003
Billy Gunn,71,44,24,20,0,2003
Goldberg,72,43,36,4,3,2003
Jamal,73,43,10,33,0,2003
Lita,74,41,27,13,1,2003
Dawn Marie,75,40,9,30,1,2003
Chris Kanyon,76,39,12,27,0,2003
Ivory,77,37,14,23,0,2003
Shawn Michaels,78,37,25,10,2,2003
Faarooq,79,36,13,23,0,2003
Nathan Jones,80,36,23,13,0,2003
Paul London,81,36,11,25,0,2003
Sylvain Grenier,82,35,26,9,0,2003
Crash,83,34,7,27,0,2003
Chief Morley,84,33,5,28,0,2003
Kevin Nash,85,30,11,19,0,2003
Sylvan Grenier,86,27,14,13,0,2003
Scotty 2 Hotty,87,25,15,10,0,2003
Shane McMahon,88,24,20,3,1,2003
Jeff Hardy,89,23,13,10,0,2003
D-Lo Brown,90,21,6,15,0,2003
William Regal,91,21,20,1,0,2003
Jon Heidenreich,92,20,15,5,0,2003
Edge,93,19,9,10,0,2003
Matt Morgan,94,19,3,16,0,2003
Horshu,95,18,6,12,0,2003
Zach Gowen,96,16,6,10,0,2003
Akio,97,14,4,10,0,2003
Matt Hardy,98,14,6,8,0,2003
Travis Tomko,99,14,5,9,0,2003
Al Snow,100,13,4,9,0,2003
Chris Benoit,1,164,134,27,3,2004
Batista,2,163,59,103,1,2004
Randy Orton,3,153,111,39,3,2004
Rhyno,4,149,59,88,2,2004
Chris Jericho,5,148,100,46,2,2004
Rey Mysterio,6,146,88,56,2,2004
Rene Dupree,7,141,54,85,2,2004
Shelton Benjamin,8,139,85,50,4,2004
Rob Van Dam,9,138,89,47,2,2004
Tajiri,10,135,56,78,1,2004
Billy Kidman,11,132,65,62,5,2004
The Hurricane,12,130,48,80,2,2004
Charlie Haas,13,129,56,69,4,2004
Mark Jindrak,14,129,72,57,0,2004
Val Venis,15,128,48,78,2,2004
Booker T,16,127,57,68,2,2004
Spike Dudley,17,122,62,60,0,2004
Eddie Guerrero,18,121,76,40,5,2004
Molly Holly,19,119,25,91,3,2004
Nunzio,20,118,38,79,1,2004
Hardcore Holly,21,117,52,65,0,2004
Triple H,22,116,30,83,3,2004
D-Von Dudley,23,115,36,79,0,2004
John Cena,24,115,89,25,1,2004
Kane,25,114,50,59,5,2004
Victoria,26,114,79,32,3,2004
Bubba Ray Dudley,27,112,38,74,0,2004
Sylvain Grenier,28,112,62,50,0,2004
Christian,29,109,24,85,0,2004
Chavo Guerrero,30,106,52,52,2,2004
Chuck Palumbo,31,98,23,75,0,2004
John Bradshaw Layfield,32,97,52,45,0,2004
Paul London,33,96,40,54,2,2004
Doug Basham,34,95,24,71,0,2004
Danny Basham,35,94,25,68,1,2004
Eugene,36,92,60,30,2,2004
Edge,37,90,42,46,2,2004
Rosey,38,90,38,51,1,2004
Rob Conway,39,87,50,37,0,2004
Johnny Stamboli,40,84,38,46,0,2004
Jamie Noble,41,83,16,65,2,2004
Maven,42,82,43,39,0,2004
Garrison Cade,43,79,39,40,0,2004
Funaki,44,77,24,53,0,2004
Scotty 2 Hotty,45,77,39,38,0,2004
Billy Gunn,46,76,33,43,0,2004
Kurt Angle,47,76,20,54,2,2004
Ric Flair,48,76,27,49,0,2004
Rico,49,76,56,20,0,2004
Matt Hardy,50,75,34,38,3,2004
Luther Reigns,51,74,27,44,3,2004
Trish Stratus,52,74,40,33,1,2004
Orlando Jordan,53,73,34,39,0,2004
Steven Richards,54,73,23,48,2,2004
Lita,55,72,37,32,3,2004
The Big Show,56,72,52,19,1,2004
William Regal,57,71,43,28,0,2004
Kenzo Suzuki,58,69,48,21,0,2004
Tyson Tomko,59,68,20,48,0,2004
Shannon Moore,60,60,10,50,0,2004
Akio,61,58,8,49,1,2004
The Undertaker,62,56,51,4,1,2004
Robert Conway,63,55,26,29,0,2004
Jazz,64,49,9,40,0,2004
Shawn Michaels,65,47,30,15,2,2004
Nidia,66,46,22,24,0,2004
Rikishi,67,43,32,11,0,2004
Gene Snitsky,68,41,32,8,1,2004
Dawn Marie,69,40,2,36,2,2004
Rodney Mack,70,39,15,24,0,2004
Gail Kim,71,38,5,31,2,2004
Bradshaw,72,36,22,14,0,2004
Heidenreich,73,36,20,16,0,2004
Simon Dean,74,36,25,10,1,2004
The A-Train,75,35,6,29,0,2004
Sakoda,76,34,6,28,0,2004
Test,77,31,5,24,2,2004
Torrie Wilson,78,29,24,3,2,2004
Lance Storm,79,26,16,10,0,2004
Jonathan Coachman,80,24,2,22,0,2004
Stacy Keibler,81,22,10,11,1,2004
Carlito Caribbean Cool,82,21,18,3,0,2004
Mordecai,83,21,20,1,0,2004
Muhammad Hassan,84,20,13,7,0,2004
Matt Morgan,85,19,3,16,0,2004
Miss Jackie,86,19,13,4,2,2004
Ultimo Dragon,87,19,11,8,0,2004
Brock Lesnar,88,18,12,6,0,2004
Horshu,89,18,1,17,0,2004
Jon Heidenreich,90,17,12,5,0,2004
Chris Masters,91,16,14,2,0,2004
Chavo Guerrero Classic,92,14,12,2,0,2004
Ernest Miller,93,13,5,8,0,2004
Faarooq,94,12,6,6,0,2004
Mark Henry,95,12,4,8,0,2004
Matt Cappotelli,96,12,7,5,0,2004
Mike Bucci,97,12,0,12,0,2004
Jesus,98,9,5,2,2,2004
Johnny Nitro,99,9,0,9,0,2004
Nick Dinsmore,100,9,0,9,0,2004
Shelton Benjamin,1,149,97,49,3,2005
Chris Benoit,2,144,96,41,7,2005
John Cena,3,144,135,7,2,2005
Kurt Angle,4,139,40,95,4,2005
The Big Show,5,132,112,17,3,2005
Rey Mysterio,6,128,91,35,2,2005
Booker T,7,127,84,38,5,2005
Batista,8,126,111,12,3,2005
Orlando Jordan,9,124,35,87,2,2005
Edge,10,123,40,76,7,2005
Chris Masters,11,122,87,34,1,2005
Heidenreich,12,119,76,42,1,2005
John Bradshaw Layfield,13,117,18,94,5,2005
Christian,14,112,16,95,1,2005
Tajiri,15,109,54,53,2,2005
Eddie Guerrero,16,108,42,66,0,2005
Hardcore Holly,17,108,43,65,0,2005
Val Venis,18,108,23,85,0,2005
Paul London,19,107,55,48,4,2005
Victoria,20,107,27,80,0,2005
William Regal,21,107,49,55,3,2005
Kane,22,106,86,17,3,2005
The Hurricane,23,99,61,37,1,2005
Triple H,24,99,27,70,2,2005
Shawn Michaels,25,96,71,19,6,2005
Viscera,26,96,52,43,1,2005
Funaki,27,95,28,66,1,2005
Tyson Tomko,28,94,23,71,0,2005
Nunzio,29,92,34,58,0,2005
Randy Orton,30,85,29,54,2,2005
Ric Flair,31,82,31,49,2,2005
Chris Jericho,32,79,33,45,1,2005
Rosey,33,78,56,22,0,2005
Muhammad Hassan,34,77,36,40,1,2005
Carlito,35,74,26,46,2,2005
Scotty 2 Hotty,36,72,15,56,1,2005
Simon Dean,37,70,15,55,0,2005
Chavo Guerrero,38,67,26,38,3,2005
Rob Conway,39,66,34,30,2,2005
Antonio,40,63,8,55,0,2005
Charlie Haas,41,63,20,43,0,2005
Trish Stratus,42,62,57,5,0,2005
Doug Basham,43,61,25,35,1,2005
Rene Dupree,44,61,19,39,3,2005
Romeo,45,60,8,52,0,2005
Gene Snitsky,46,59,6,49,4,2005
Mark Jindrak,47,58,24,33,1,2005
Robert Conway,48,58,10,47,1,2005
Sylvain Grenier,49,58,7,50,1,2005
Super Crazy,50,57,39,17,1,2005
The Undertaker,51,57,50,5,2,2005
Danny Basham,52,56,23,32,1,2005
Mercury,53,55,18,37,0,2005
Road Warrior Animal,54,55,42,13,0,2005
Eugene,55,53,24,28,1,2005
Nitro,56,53,18,35,0,2005
Psicosis,57,53,37,16,0,2005
Snitsky,58,52,18,34,0,2005
Trevor Murdoch,59,52,32,20,0,2005
Spike Dudley,60,51,4,47,0,2005
Lance Cade,61,48,26,22,0,2005
Maven,62,46,8,38,0,2005
Christy Hemme,63,45,39,6,0,2005
Johnny Nitro,64,45,35,10,0,2005
Juventud,65,44,22,21,1,2005
Matt Hardy,66,44,22,19,3,2005
Joey Mercury,67,42,36,6,0,2005
Luther Reigns,68,41,8,32,1,2005
Paul Burchill,69,41,8,32,1,2005
Akio,70,39,6,32,1,2005
Kerwin White,71,38,24,14,0,2005
Torrie Wilson,72,38,16,22,0,2005
Sylvan,73,33,7,26,0,2005
Molly Holly,74,30,2,28,0,2005
Bobby Lashley,75,29,24,5,0,2005
Ashley,76,27,19,8,0,2005
Brian Kendrick,77,27,6,21,0,2005
Rhyno,78,27,5,22,0,2005
Billy Kidman,79,25,2,23,0,2005
Kid Kash,80,24,11,13,0,2005
Steven Richards,81,24,0,24,0,2005
Lashley,82,23,23,0,0,2005
Vito,83,23,6,17,0,2005
Kenzo Suzuki,84,21,4,17,0,2005
Mr. Kennedy,85,21,8,13,0,2005
Shannon Moore,86,21,1,20,0,2005
Candice Michelle,87,20,6,14,0,2005
Carlito Caribbean Cool,88,20,10,9,1,2005
Mike Mizanin,89,20,9,11,0,2005
Matt Morgan,90,19,10,8,1,2005
Ken Kennedy,91,18,17,1,0,2005
Melina,92,18,7,11,0,2005
Chris Cage,93,17,4,13,0,2005
Matt Striker,94,15,8,7,0,2005
Khosrow Daivari,95,13,4,9,0,2005
Chad Dick,96,11,4,7,0,2005
Dawn Marie,97,11,1,10,0,2005
James Dick,98,11,4,7,0,2005
Jonathan Coachman,99,11,0,11,0,2005
Russell Simpson,100,11,0,11,0,2005
John Cena,1,165,136,26,3,2006
Edge,2,152,36,115,1,2006
Triple H,3,138,90,42,6,2006
Carlito,4,136,62,73,1,2006
Shelton Benjamin,5,130,56,73,1,2006
Finlay,6,124,40,82,2,2006
Rob Van Dam,7,124,82,40,2,2006
Bobby Lashley,8,122,99,20,3,2006
Kane,9,121,79,32,10,2006
Matt Hardy,10,120,66,52,2,2006
The Big Show,11,116,64,48,4,2006
Lance Cade,12,114,35,79,0,2006
Randy Orton,13,111,36,73,2,2006
Brian Kendrick,14,109,72,36,1,2006
Paul London,15,109,71,37,1,2006
Rey Mysterio,16,108,80,23,5,2006
Trevor Murdoch,17,108,32,76,0,2006
Umaga,18,103,65,35,3,2006
Mickie James,19,102,61,40,1,2006
Shawn Michaels,20,102,80,16,6,2006
Gregory Helms,21,100,55,41,4,2006
Viscera,22,93,26,64,3,2006
Chris Benoit,23,90,73,16,1,2006
Kenny,24,90,26,60,4,2006
Mikey,25,90,25,62,3,2006
Super Crazy,26,87,36,49,2,2006
Chris Masters,27,85,11,73,1,2006
Johnny Nitro,28,85,36,49,0,2006
Victoria,29,85,22,63,0,2006
Funaki,30,84,21,58,5,2006
Mark Henry,31,84,17,65,2,2006
Snitsky,32,82,32,50,0,2006
Eugene,33,80,26,54,0,2006
Ric Flair,34,79,63,16,0,2006
William Regal,35,79,12,67,0,2006
Robbie McAllister,36,77,56,20,1,2006
Rory McAllister,37,77,56,20,1,2006
Chavo Guerrero,38,76,29,46,1,2006
Sabu,39,75,38,35,2,2006
Mr. Kennedy,40,73,34,37,2,2006
Tatanka,41,73,26,44,3,2006
Batista,42,72,63,8,1,2006
Jamie Noble,43,72,19,53,0,2006
Kurt Angle,44,71,45,24,2,2006
Rob Conway,45,69,4,65,0,2006
CM Punk,46,68,64,2,2,2006
Johnny,47,68,24,41,3,2006
Test,48,67,33,33,1,2006
Torrie Wilson,49,67,30,37,0,2006
Nicky,50,65,22,40,3,2006
Vito,51,65,48,17,0,2006
King Booker,52,64,14,50,0,2006
Tommy Dreamer,53,64,30,34,0,2006
Kid Kash,54,63,20,42,1,2006
Jeff Hardy,55,62,36,26,0,2006
Matt Striker,56,62,20,42,0,2006
The Undertaker,57,62,48,9,5,2006
Sylvan,58,61,13,47,1,2006
Trish Stratus,59,61,30,30,1,2006
Val Venis,60,61,15,46,0,2006
Charlie Haas,61,60,17,40,3,2006
Mike Knox,62,60,15,45,0,2006
Mercury,63,54,35,18,1,2006
Nitro,64,54,35,18,1,2006
Candice Michelle,65,52,20,32,0,2006
Scotty 2 Hotty,66,49,9,39,1,2006
Maria,67,47,21,25,1,2006
The Sandman,68,46,34,12,0,2006
Kevin Thorn,69,45,20,25,0,2006
Booker T,70,44,4,40,0,2006
Goldust,71,44,21,23,0,2006
Hardcore Holly,72,44,12,30,2,2006
Little Guido,73,42,19,23,0,2006
Psicosis,74,42,7,34,1,2006
Rene Dupree,75,42,3,39,0,2006
Balls Mahoney,76,41,15,26,0,2006
John Bradshaw Layfield,77,41,12,28,1,2006
KC James,78,41,5,35,1,2006
Simon Dean,79,41,2,38,1,2006
Orlando Jordan,80,39,3,36,0,2006
Tony Mamaluke,81,39,16,23,0,2006
Jim Duggan,82,38,23,15,0,2006
Lita,83,37,21,16,0,2006
Stevie Richards,84,36,13,23,0,2006
Idol Stevens,85,34,3,31,0,2006
Mitch,86,34,7,24,3,2006
Montel Vontavious Porter,87,33,4,23,6,2006
Nunzio,88,33,4,23,6,2006
Kristal,89,30,12,17,1,2006
Paul Burchill,90,29,20,9,0,2006
Gunner Scott,91,28,14,14,0,2006
Jillian,92,28,19,9,0,2006
JTG,93,27,25,2,0,2006
Jimmy Wang Yang,94,27,11,16,0,2006
The Great Khali,95,27,18,8,1,2006
The Boogeyman,96,25,24,0,1,2006
Tyson Tomko,97,24,2,22,0,2006
Harry Smith,98,23,20,3,0,2006
Shad,99,23,22,1,0,2006
Sylvester Terkay,100,23,19,4,0,2006
Batista,1,158,134,18,6,2007
Jeff Hardy,2,149,108,38,3,2007
Montel Vontavious Porter,3,146,49,95,2,2007
Finlay,4,139,29,103,7,2007
Randy Orton,5,139,36,100,3,2007
CM Punk,6,138,107,31,0,2007
Kane,7,138,110,20,8,2007
Carlito,8,132,46,82,4,2007
Mr. Kennedy,9,129,41,85,3,2007
Lance Cade,10,128,60,68,0,2007
Umaga,11,128,40,86,2,2007
Tommy Dreamer,12,126,55,71,0,2007
Trevor Murdoch,13,126,59,67,0,2007
Matt Hardy,14,125,85,37,3,2007
John Cena,15,115,98,13,4,2007
The Great Khali,16,115,39,69,7,2007
Brian Kendrick,17,110,44,65,1,2007
Elijah Burke,18,110,36,74,0,2007
Mickie James,19,105,54,50,1,2007
Paul London,20,104,43,60,1,2007
Melina,21,102,47,55,0,2007
Super Crazy,22,99,45,53,1,2007
Deuce,23,98,43,54,1,2007
Kenny Dykstra,24,96,15,81,0,2007
Domino,25,94,41,53,0,2007
Jimmy Wang Yang,26,93,42,50,1,2007
Shelton Benjamin,27,93,23,69,1,2007
Chavo Guerrero,28,86,34,52,0,2007
Kevin Thorn,29,84,26,58,0,2007
Charlie Haas,30,82,18,63,1,2007
Chuck Palumbo,31,82,65,17,0,2007
Val Venis,32,81,35,46,0,2007
Chris Masters,33,80,22,58,0,2007
Victoria,34,80,14,65,1,2007
William Regal,35,80,29,50,1,2007
Edge,36,79,21,56,2,2007
The Undertaker,37,79,68,7,4,2007
Cody Rhodes,38,77,51,26,0,2007
Bobby Lashley,39,76,64,9,3,2007
Snitsky,40,76,52,24,0,2007
Mark Henry,41,75,41,33,1,2007
Johnny Nitro,42,73,22,50,1,2007
Santino Marella,43,73,37,35,1,2007
Chris Benoit,44,72,55,16,1,2007
The Miz,45,71,30,38,3,2007
Dave Taylor,46,69,8,60,1,2007
Rob Van Dam,47,66,39,25,2,2007
Jim Duggan,48,65,32,33,0,2007
Michelle McCool,49,65,52,11,2,2007
JTG,50,60,44,16,0,2007
John Morrison,51,60,29,30,1,2007
Matt Striker,52,60,19,41,0,2007
Hardcore Holly,53,59,32,27,0,2007
Ric Flair,54,59,38,18,3,2007
Candice Michelle,55,58,44,14,0,2007
Marcus Cor Von,56,58,22,36,0,2007
Eugene,57,57,17,39,1,2007
Big Daddy V,58,54,31,22,1,2007
Shad,59,54,39,15,0,2007
Rey Mysterio,60,53,44,7,2,2007
Triple H,61,51,43,7,1,2007
King Booker,62,50,19,29,2,2007
Shawn Michaels,63,50,34,13,3,2007
Funaki,64,49,9,40,0,2007
Jamie Noble,65,49,16,33,0,2007
Daivari,66,47,9,37,1,2007
Beth Phoenix,67,44,24,19,1,2007
Festus,68,43,34,9,0,2007
The Sandman,69,42,21,21,0,2007
Balls Mahoney,70,39,15,24,0,2007
Jesse,71,39,30,9,0,2007
Gregory Helms,72,36,3,32,1,2007
Stevie Richards,73,35,14,21,0,2007
Rory,74,33,13,20,0,2007
Robbie,75,32,12,20,0,2007
Robbie McAllister,76,32,14,18,0,2007
Brian Major,77,31,15,16,0,2007
Rory McAllister,78,31,14,17,0,2007
Brett Major,79,30,15,15,0,2007
Sabu,80,30,14,16,0,2007
Jillian,81,29,4,25,0,2007
Maria,82,28,12,14,2,2007
The Boogeyman,83,28,11,17,0,2007
Nunzio,84,27,8,19,0,2007
Shannon Moore,85,26,7,19,0,2007
Jillian Hall,86,23,4,19,0,2007
Joey Mercury,87,23,5,18,0,2007
Viscera,88,23,9,14,0,2007
Vladimir Kozlov,89,22,21,1,0,2007
Johnny Jeter,90,21,5,16,0,2007
Torrie Wilson,91,21,12,9,0,2007
Kelly Kelly,92,20,9,10,1,2007
Paul Burchill,93,20,4,16,0,2007
Hornswoggle,94,18,12,1,5,2007
Dan Rodman,95,17,4,13,0,2007
Drew McIntyre,96,17,8,9,0,2007
Layla,97,15,3,11,1,2007
Sylvan,98,15,6,9,0,2007
Daniel Rodimer,99,14,6,8,0,2007
Kofi Kingston,100,14,12,2,0,2007
CM Punk,1,173,115,55,3,2008
Kane,2,161,88,71,2,2008
John Morrison,3,152,89,59,4,2008
Shelton Benjamin,4,150,65,84,1,2008
The Miz,5,144,84,56,4,2008
Cody Rhodes,6,142,94,47,1,2008
Finlay,7,141,99,38,4,2008
Kofi Kingston,8,141,99,42,0,2008
Matt Hardy,9,141,106,32,3,2008
Batista,10,140,85,46,9,2008
Mark Henry,11,140,52,86,2,2008
Montel Vontavious Porter,12,140,21,116,3,2008
Triple H,13,139,118,17,4,2008
Chris Jericho,14,135,65,67,3,2008
Jeff Hardy,15,134,87,43,4,2008
Chavo Guerrero,16,128,32,96,0,2008
Beth Phoenix,17,126,70,56,0,2008
The Brian Kendrick,18,116,55,61,0,2008
Carlito,19,114,57,57,0,2008
Mickie James,20,114,71,42,1,2008
Santino Marella,21,113,42,70,1,2008
Edge,22,111,36,71,4,2008
The Big Show,23,107,58,45,4,2008
Jamie Noble,24,104,48,55,1,2008
John Bradshaw Layfield,25,104,28,75,1,2008
Snitsky,26,103,41,62,0,2008
The Undertaker,27,102,88,8,6,2008
The Great Khali,28,97,50,43,4,2008
Michelle McCool,29,95,70,24,1,2008
Charlie Haas,30,92,22,69,1,2008
John Cena,31,84,65,17,2,2008
Randy Orton,32,84,32,49,3,2008
Tommy Dreamer,33,84,29,54,1,2008
Vladimir Kozlov,34,84,46,35,3,2008
Lance Cade,35,80,27,53,0,2008
Shawn Michaels,36,79,63,14,2,2008
William Regal,37,79,32,46,1,2008
Zack Ryder,38,74,19,53,2,2008
Umaga,39,72,16,55,1,2008
Curt Hawkins,40,71,18,51,2,2008
Jimmy Wang Yang,41,71,15,55,1,2008
Hardcore Holly,42,70,52,18,0,2008
Rey Mysterio,43,69,53,16,0,2008
Trevor Murdoch,44,67,7,60,0,2008
Festus,45,66,27,37,2,2008
JTG,46,66,27,38,1,2008
Kelly Kelly,47,66,49,17,0,2008
Shad,48,66,28,37,1,2008
Maria,49,65,43,21,1,2008
Victoria,50,65,15,49,1,2008
Maryse,51,64,16,48,0,2008
Natalya,52,64,21,42,1,2008
Super Crazy,53,64,27,37,0,2008
Ted DiBiase,54,60,41,19,0,2008
Jesse,55,59,25,33,1,2008
Mike Knox,56,57,21,36,0,2008
R-Truth,57,56,25,31,0,2008
Mr. Kennedy,58,55,26,29,0,2008
Shannon Moore,59,55,10,44,1,2008
Paul Burchill,60,54,26,28,0,2008
D-Lo Brown,61,50,18,32,0,2008
DH Smith,62,45,14,31,0,2008
Jim Duggan,63,45,25,20,0,2008
Katie Lea,64,45,10,35,0,2008
Evan Bourne,65,39,25,14,0,2008
Primo,66,39,34,5,0,2008
Chuck Palumbo,67,36,8,26,2,2008
Layla,68,36,4,31,1,2008
Manu,69,36,19,16,1,2008
Paul London,70,36,14,22,0,2008
Jack Swagger,71,35,12,23,0,2008
Melina,72,32,17,13,2,2008
Candice Michelle,73,31,13,18,0,2008
Jillian Hall,74,31,6,25,0,2008
Deuce,75,29,2,27,0,2008
Kenny Dykstra,76,27,6,20,1,2008
Ryan Braddock,77,27,3,24,0,2008
Cherry,78,26,12,14,0,2008
Colin Delaney,79,26,6,20,0,2008
Funaki,80,26,6,20,0,2008
Hornswoggle,81,26,13,13,0,2008
Val Venis,82,26,8,18,0,2008
Domino,83,25,2,23,0,2008
Big Daddy V,84,22,5,15,2,2008
Elijah Burke,85,22,9,13,0,2008
Ric Flair,86,22,19,3,0,2008
Kung Fu Naki,87,21,4,17,0,2008
Matt Striker,88,21,2,19,0,2008
Robbie,89,21,0,21,0,2008
Ezekiel Jackson,90,20,11,9,0,2008
Brie Bella,91,19,12,7,0,2008
Ricky Ortiz,92,18,7,11,0,2008
Bam Neely,93,17,3,14,0,2008
Nic Nemeth,94,17,1,16,0,2008
Armando Estrada,95,16,3,13,0,2008
Stevie Richards,96,16,5,11,0,2008
Nunzio,97,15,2,13,0,2008
Ron Killings,98,12,8,4,0,2008
Hurricane Helms,99,10,3,7,0,2008
Nikki Bella,100,10,5,5,0,2008
CM Punk,1,191,99,91,1,2009
Kofi Kingston,2,183,111,70,2,2009
Randy Orton,3,179,40,128,11,2009
John Cena,4,173,150,18,5,2009
Montel Vontavious Porter,5,170,68,100,2,2009
The Big Show,6,170,68,97,5,2009
Chris Jericho,7,167,52,110,5,2009
Jack Swagger,8,163,85,75,3,2009
The Miz,9,163,94,69,0,2009
John Morrison,10,159,108,50,1,2009
Christian,11,156,97,57,2,2009
Cody Rhodes,12,155,39,112,4,2009
Primo,13,152,95,57,0,2009
Mark Henry,14,150,73,76,1,2009
Ted DiBiase,15,147,33,111,3,2009
William Regal,16,141,31,109,1,2009
Beth Phoenix,17,140,39,100,1,2009
Melina,18,140,108,31,1,2009
Dolph Ziggler,19,139,38,99,2,2009
Rey Mysterio,20,138,98,39,1,2009
Triple H,21,136,110,19,7,2009
Carlito,22,131,77,54,0,2009
Shelton Benjamin,23,126,47,79,0,2009
Evan Bourne,24,124,83,41,0,2009
Chavo Guerrero,25,123,9,114,0,2009
Kane,26,120,54,64,2,2009
Finlay,27,119,66,49,4,2009
Mickie James,28,117,85,32,0,2009
Matt Hardy,29,114,52,62,0,2009
Tyson Kidd,30,108,33,75,0,2009
Jeff Hardy,31,106,51,54,1,2009
R-Truth,32,106,56,48,2,2009
JTG,33,104,54,50,0,2009
Tommy Dreamer,34,103,41,61,1,2009
Edge,35,99,45,51,3,2009
Goldust,36,99,43,55,1,2009
Vladimir Kozlov,37,97,59,36,2,2009
Santino Marella,38,95,36,58,1,2009
Gail Kim,39,91,66,25,0,2009
The Undertaker,40,91,81,8,2,2009
Mike Knox,41,89,16,73,0,2009
Michelle McCool,42,85,33,51,1,2009
Ezekiel Jackson,43,83,25,57,1,2009
The Great Khali,44,83,56,25,2,2009
Sheamus,45,79,59,18,2,2009
Maryse,46,78,36,42,0,2009
Drew McIntyre,47,76,51,22,3,2009
Kelly Kelly,48,76,40,35,1,2009
Alicia Fox,49,75,17,58,0,2009
David Hart Smith,50,75,29,46,0,2009
Natalya,51,74,9,65,0,2009
Jimmy Wang Yang,52,71,12,59,0,2009
The Brian Kendrick,53,68,4,64,0,2009
Batista,54,67,42,24,1,2009
Eve Torres,55,62,45,16,1,2009
Shawn Michaels,56,62,53,9,0,2009
Layla,57,60,6,54,0,2009
Chris Masters,58,59,24,34,1,2009
Paul Burchill,59,56,12,44,0,2009
Zack Ryder,60,56,15,41,0,2009
Shad,61,55,23,32,0,2009
Brie Bella,62,54,35,19,0,2009
Nikki Bella,63,53,28,25,0,2009
Rosa Mendes,64,53,7,46,0,2009
Jamie Noble,65,50,10,40,0,2009
Eric Escobar,66,47,6,41,0,2009
Shad Gaspard,67,47,32,14,1,2009
Maria,68,41,29,12,0,2009
Yoshi Tatsu,69,40,26,14,0,2009
Katie Lea,70,39,7,32,0,2009
Umaga,71,39,24,14,1,2009
Charlie Haas,72,35,5,29,1,2009
Alex Riley,73,33,3,30,0,2009
The Hurricane,74,32,15,17,0,2009
Tyler Reks,75,23,8,15,0,2009
Hornswoggle,76,20,17,3,0,2009
Jillian Hall,77,20,4,15,1,2009
Jillian,78,19,2,17,0,2009
Kizarny,79,18,16,2,0,2009
Hurricane Helms,80,17,2,15,0,2009
Kung Fu Naki,81,15,5,10,0,2009
Ricky Ortiz,82,15,1,13,1,2009
Festus,83,13,3,10,0,2009
Santina Marella,84,13,11,2,0,2009
Slam Master J,85,13,2,11,0,2009
Vance Archer,86,13,10,3,0,2009
Ricky Steamboat,87,12,9,3,0,2009
Shane McMahon,88,9,3,3,3,2009
John Bradshaw Layfield,89,8,1,7,0,2009
The Boogeyman,90,8,4,2,2,2009
DJ Gabriel,91,7,2,5,0,2009
Savannah,92,6,6,0,0,2009
Caylen Croft,93,5,3,2,0,2009
Heath Slater,94,5,0,5,0,2009
Jesse,95,5,0,5,0,2009
Trent Barreta,96,5,3,2,0,2009
Candice Michelle,97,4,1,3,0,2009
Luke Gallows,98,4,2,2,0,2009
Eugene,99,3,2,1,0,2009
Jerry Lawler,100,3,2,1,0,2009
Kofi Kingston,1,190,103,85,2,2010
Jack Swagger,2,187,49,135,3,2010
Sheamus,3,184,52,117,15,2010
The Miz,4,182,105,72,5,2010
The Big Show,5,176,104,59,13,2010
John Cena,6,174,129,27,18,2010
Randy Orton,7,174,126,39,9,2010
Drew McIntyre,8,172,79,79,14,2010
Cody Rhodes,9,163,67,94,2,2010
John Morrison,10,161,80,78,3,2010
Kane,11,160,88,45,27,2010
Montel Vontavious Porter,12,156,73,81,2,2010
Ted DiBiase,13,155,33,121,1,2010
Dolph Ziggler,14,154,68,84,2,2010
Tyson Kidd,15,148,94,53,1,2010
David Hart Smith,16,146,91,54,1,2010
Rey Mysterio,17,142,107,29,6,2010
Edge,18,136,81,41,14,2010
Mark Henry,19,135,62,70,3,2010
Alicia Fox,20,129,26,103,0,2010
Layla,21,128,47,81,0,2010
Chavo Guerrero,22,127,21,105,1,2010
Evan Bourne,23,127,81,46,0,2010
Maryse,24,127,21,106,0,2010
Chris Masters,25,126,54,72,0,2010
R-Truth,26,125,80,42,3,2010
Christian,27,119,82,36,1,2010
Zack Ryder,28,119,14,105,0,2010
CM Punk,29,114,29,82,3,2010
William Regal,30,113,17,96,0,2010
Chris Jericho,31,111,33,74,4,2010
Goldust,32,109,69,40,0,2010
Wade Barrett,33,106,31,73,2,2010
Eve Torres,34,100,66,34,0,2010
Santino Marella,35,97,68,29,0,2010
Kelly Kelly,36,92,47,45,0,2010
Alberto Del Rio,37,91,50,38,3,2010
Vladimir Kozlov,38,89,52,37,0,2010
Matt Hardy,39,86,30,56,0,2010
Primo,40,85,24,60,1,2010
Luke Gallows,41,83,14,69,0,2010
Yoshi Tatsu,42,82,52,30,0,2010
Daniel Bryan,43,76,51,24,1,2010
Gail Kim,44,76,54,22,0,2010
Justin Gabriel,45,76,40,36,0,2010
Tyler Reks,46,76,15,61,0,2010
Michelle McCool,47,73,35,38,0,2010
Heath Slater,48,72,33,39,0,2010
JTG,49,70,32,36,2,2010
Brie Bella,50,69,61,8,0,2010
David Otunga,51,69,22,47,0,2010
Nikki Bella,52,68,60,8,0,2010
Ezekiel Jackson,53,66,38,27,1,2010
Batista,54,60,4,52,4,2010
Jey Uso,55,57,8,49,0,2010
Beth Phoenix,56,56,34,22,0,2010
Jimmy Uso,57,56,8,48,0,2010
Natalya,58,56,40,15,1,2010
Carlito,59,54,1,52,1,2010
Jillian,60,54,3,51,0,2010
Melina,61,51,38,13,0,2010
Trent Barreta,62,50,10,40,0,2010
The Undertaker,63,48,35,8,5,2010
Alex Riley,64,44,10,34,0,2010
Kaval,65,43,11,31,1,2010
The Great Khali,66,42,30,11,1,2010
Dos Caras,67,41,16,25,0,2010
Triple H,68,39,31,6,2,2010
Caylen Croft,69,36,6,30,0,2010
Vance Archer,70,35,11,23,1,2010
Michael Tarver,71,31,10,21,0,2010
Curt Hawkins,72,30,10,20,0,2010
Darren Young,73,29,13,16,0,2010
Finlay,74,29,17,12,0,2010
Michael McGillicutty,75,28,12,16,0,2010
Husky Harris,76,26,9,17,0,2010
Shawn Michaels,77,25,19,5,1,2010
Joey Mercury,78,23,1,22,0,2010
Mickie James,79,22,15,7,0,2010
Mike Knox,80,22,0,21,1,2010
Rosa Mendes,81,21,0,21,0,2010
Jimmy Wang Yang,82,20,8,12,0,2010
Skip Sheffield,83,20,9,11,0,2010
Tamina,84,19,3,15,1,2010
Percy Watson,85,17,7,10,0,2010
Shad Gaspard,86,17,3,14,0,2010
Tiffany,87,17,7,10,0,2010
Mason Ryan,88,16,12,4,0,2010
Johnny Curtis,89,15,1,14,0,2010
Shad,90,15,8,5,2,2010
Slam Master J,91,15,5,10,0,2010
Naomi,92,13,5,8,0,2010
Shelton Benjamin,93,13,7,6,0,2010
Lucky Cannon,94,11,4,7,0,2010
Bret Hart,95,10,9,0,1,2010
AJ,96,9,7,2,0,2010
Aksana,97,9,2,7,0,2010
Kaitlyn,98,9,3,6,0,2010
Katie Lea,99,9,1,8,0,2010
Eli Cottonwood,100,6,2,4,0,2010
Randy Orton,1,211,151,53,7,2011
John Cena,2,202,165,25,12,2011
Alberto Del Rio,3,199,56,141,2,2011
Kofi Kingston,4,195,126,69,0,2011
Daniel Bryan,5,194,115,76,3,2011
The Miz,6,194,47,144,3,2011
Dolph Ziggler,7,187,74,109,4,2011
CM Punk,8,186,72,104,10,2011
Jack Swagger,9,172,50,122,0,2011
Wade Barrett,10,171,44,123,4,2011
Sheamus,11,169,103,62,4,2011
Cody Rhodes,12,158,50,106,2,2011
Mark Henry,13,156,65,87,4,2011
Tyson Kidd,14,152,30,122,0,2011
Zack Ryder,15,151,72,78,1,2011
Ted DiBiase,16,148,41,107,0,2011
R-Truth,17,147,52,94,1,2011
Santino Marella,18,146,97,49,0,2011
Justin Gabriel,19,143,55,88,0,2011
Evan Bourne,20,142,95,47,0,2011
Christian,21,138,55,80,3,2011
Heath Slater,22,134,15,119,0,2011
Beth Phoenix,23,126,97,28,1,2011
Alex Riley,24,125,55,68,2,2011
The Big Show,25,124,98,23,3,2011
Drew McIntyre,26,123,25,97,1,2011
Natalya,27,122,60,62,0,2011
John Morrison,28,118,63,53,2,2011
Eve Torres,29,117,71,45,1,2011
Primo,30,117,26,91,0,2011
Ezekiel Jackson,31,113,71,42,0,2011
Michael McGillicutty,32,108,38,70,0,2011
Kelly Kelly,33,104,83,19,2,2011
Vladimir Kozlov,34,103,63,40,0,2011
Alicia Fox,35,102,44,58,0,2011
Rey Mysterio,36,98,74,23,1,2011
Kane,37,97,58,39,0,2011
David Otunga,38,96,31,65,0,2011
Yoshi Tatsu,39,95,41,53,1,2011
Chris Masters,40,93,45,48,0,2011
Brie Bella,41,85,25,59,1,2011
Jey Uso,42,85,23,62,0,2011
Mason Ryan,43,85,56,29,0,2011
Jimmy Uso,44,83,22,61,0,2011
Trent Barreta,45,83,16,67,0,2011
Jinder Mahal,46,81,33,48,0,2011
Percy Watson,47,78,51,24,3,2011
JTG,48,73,11,62,0,2011
Brodus Clay,49,71,38,33,0,2011
Sin Cara,50,71,61,10,0,2011
Tyler Reks,51,67,15,52,0,2011
Nikki Bella,52,65,8,56,1,2011
AJ,53,62,44,18,0,2011
Chavo Guerrero,54,57,16,40,1,2011
Curt Hawkins,55,55,9,45,1,2011
Layla,56,51,15,35,1,2011
Tamina,57,50,13,37,0,2011
Edge,58,48,46,2,0,2011
Kaitlyn,59,46,21,25,0,2011
The Great Khali,60,45,29,16,0,2011
Johnny Curtis,61,44,12,32,0,2011
Rosa Mendes,62,44,5,39,0,2011
Titus O'Neil,63,40,21,19,0,2011
William Regal,64,39,6,33,0,2011
Darren Young,65,34,15,19,0,2011
Maryse,66,34,5,27,2,2011
Derrick Bateman,67,32,15,17,0,2011
Melina,68,32,3,28,1,2011
Gail Kim,69,31,23,7,1,2011
Sin Cara,70,27,18,9,0,2011
Hunico,71,25,16,9,0,2011
King Sheamus,72,21,1,20,0,2011
Jerry Lawler,73,18,14,4,0,2011
Byron Saxton,74,17,3,14,0,2011
Epico,75,17,8,9,0,2011
Conor O'Brian,76,15,8,7,0,2011
Michelle McCool,77,15,6,8,1,2011
David Hart Smith,78,14,6,8,0,2011
Lucky Cannon,79,12,6,6,0,2011
Husky Harris,80,11,5,6,0,2011
Booker T,81,10,8,2,0,2011
Jacob Novak,82,9,2,7,0,2011
Kevin Nash,83,9,1,8,0,2011
Maxine,84,9,2,7,0,2011
Triple H,85,9,7,2,0,2011
Leo Kruger,86,7,3,4,0,2011
Damien Sandow,87,6,0,6,0,2011
Hornswoggle,88,6,3,3,0,2011
Michael Cole,89,6,2,4,0,2011
Dean Ambrose,90,5,0,5,0,2011
Matt Striker,91,5,1,4,0,2011
Seth Rollins,92,5,3,2,0,2011
Vickie Guerrero,93,5,2,3,0,2011
Aksana,94,4,1,3,0,2011
Ricardo Rodriguez,95,4,1,3,0,2011
Trish Stratus,96,4,2,2,0,2011
Bo Rotundo,97,3,2,1,0,2011
Jim Ross,98,3,2,1,0,2011
Skip Sheffield,99,3,3,0,0,2011
Colt Cabana,100,2,0,2,0,2011
Sheamus,1,221,194,23,4,2012
The Big Show,2,217,89,122,6,2012
Daniel Bryan,3,214,90,116,8,2012
Kofi Kingston,4,202,131,70,1,2012
Kane,5,199,82,110,7,2012
Dolph Ziggler,6,197,39,154,4,2012
Santino Marella,7,188,134,54,0,2012
John Cena,8,185,165,14,6,2012
CM Punk,9,180,121,49,10,2012
Cody Rhodes,10,175,54,121,0,2012
Brodus Clay,11,164,152,11,1,2012
Zack Ryder,12,163,81,80,2,2012
The Miz,13,155,38,115,2,2012
Primo,14,153,39,113,1,2012
Epico,15,152,37,114,1,2012
R-Truth,16,149,111,38,0,2012
Alberto Del Rio,17,146,48,95,3,2012
Jack Swagger,18,141,25,115,1,2012
Jinder Mahal,19,138,45,92,1,2012
Tyson Kidd,20,137,58,79,0,2012
Ryback,21,129,122,5,2,2012
Natalya,22,126,33,93,0,2012
Randy Orton,23,125,94,27,4,2012
Alex Riley,24,123,35,88,0,2012
Justin Gabriel,25,120,56,64,0,2012
Michael McGillicutty,26,120,35,85,0,2012
Heath Slater,27,119,19,100,0,2012
Layla,28,115,84,31,0,2012
Antonio Cesaro,29,113,78,32,3,2012
Darren Young,30,113,27,86,0,2012
Titus O'Neil,31,113,28,85,0,2012
Damien Sandow,32,110,51,59,0,2012
Sin Cara,33,101,78,22,1,2012
Eve Torres,34,98,58,40,0,2012
Wade Barrett,35,98,50,48,0,2012
David Otunga,36,97,23,74,0,2012
Tensai,37,97,22,73,2,2012
Jey Uso,38,95,59,36,0,2012
Drew McIntyre,39,94,17,77,0,2012
Jimmy Uso,40,94,59,35,0,2012
Beth Phoenix,41,90,46,44,0,2012
Great Khali,42,82,59,22,1,2012
Hunico,43,81,27,54,0,2012
Chris Jericho,44,78,31,44,3,2012
Kaitlyn,45,73,40,33,0,2012
Alicia Fox,46,68,32,36,0,2012
Yoshi Tatsu,47,68,17,51,0,2012
Ted DiBiase,48,62,28,34,0,2012
Christian,49,58,36,22,0,2012
Curt Hawkins,50,58,6,52,0,2012
JTG,51,57,1,56,0,2012
Dean Ambrose,52,53,26,27,0,2012
Rey Mysterio,53,52,42,9,1,2012
Ezekiel Jackson,54,48,13,35,0,2012
Percy Watson,55,46,23,23,0,2012
Kelly Kelly,56,45,19,26,0,2012
Mark Henry,57,44,15,27,2,2012
Johnny Curtis,58,43,10,33,0,2012
Mason Ryan,59,42,15,27,0,2012
Camacho,60,40,7,33,0,2012
Seth Rollins,61,40,30,10,0,2012
Tamina Snuka,62,37,16,21,0,2012
Tyler Reks,63,37,9,28,0,2012
Kassius Ohno,64,33,15,17,1,2012
Aksana,65,31,3,28,0,2012
Leo Kruger,66,30,11,19,0,2012
Big E. Langston,67,29,28,1,0,2012
Trent Barreta,68,28,17,11,0,2012
Bo Dallas,69,26,17,9,0,2012
Paige,70,26,12,14,0,2012
Brie Bella,71,24,10,14,0,2012
Lord Tensai,72,22,19,3,0,2012
Nikki Bella,73,22,12,10,0,2012
William Regal,74,22,5,17,0,2012
Derrick Bateman,75,21,5,16,0,2012
John Laurinaitis,76,21,1,20,0,2012
Richie Steamboat,77,21,13,7,1,2012
Roman Reigns,78,21,15,6,0,2012
AJ,79,20,14,6,0,2012
Corey Graves,80,20,8,12,0,2012
Xavier Woods,81,20,12,8,0,2012
AJ Lee,82,18,4,14,0,2012
Aiden English,83,18,2,16,0,2012
CJ Parker,84,17,5,11,1,2012
Maxine,85,16,5,11,0,2012
Oliver Grey,86,16,6,10,0,2012
Mike Dalton,87,15,7,8,0,2012
Dante Dash,88,14,3,11,0,2012
Garrett Dylan,89,14,4,10,0,2012
Kenneth Cameron,90,14,8,6,0,2012
Audrey Marie,91,13,8,5,0,2012
Emma,92,13,3,10,0,2012
Rosa Mendes,93,13,0,13,0,2012
Booker T,94,12,4,8,0,2012
Conor O'Brian,95,12,10,2,0,2012
Erick Rowan,96,11,6,5,0,2012
Jake Carter,97,11,5,6,0,2012
Luke Harper,98,11,8,3,0,2012
Bray Wyatt,99,10,4,6,0,2012
El Local,100,10,0,10,0,2012
Daniel Bryan,1,228,185,37,6,2013
Dean Ambrose,2,218,75,139,4,2013
Antonio Cesaro,3,216,84,131,1,2013
Seth Rollins,4,214,50,160,4,2013
Randy Orton,5,210,136,66,8,2013
Roman Reigns,6,204,49,150,5,2013
Ryback,7,202,111,88,3,2013
Damien Sandow,8,199,46,150,3,2013
Alberto Del Rio,9,192,126,62,4,2013
Dolph Ziggler,10,190,62,127,1,2013
Cody Rhodes,11,174,57,114,3,2013
Jack Swagger,12,164,58,104,2,2013
Kofi Kingston,13,159,73,82,4,2013
Zack Ryder,14,156,69,87,0,2013
Jey Uso,15,149,94,54,1,2013
Jimmy Uso,16,147,94,52,1,2013
The Miz,17,147,64,78,5,2013
Titus O'Neil,18,146,37,108,1,2013
Brodus Clay,19,145,100,44,1,2013
Heath Slater,20,143,5,137,1,2013
John Cena,21,143,136,6,1,2013
Sheamus,22,140,110,25,5,2013
Tensai,23,138,91,46,1,2013
Wade Barrett,24,138,57,80,1,2013
Big E. Langston,25,137,59,77,1,2013
Darren Young,26,137,36,100,1,2013
R-Truth,27,136,78,57,1,2013
Fandango,28,135,58,76,1,2013
Justin Gabriel,29,134,63,70,1,2013
The Big Show,30,130,67,60,3,2013
Kaitlyn,31,126,88,37,1,2013
Kane,32,124,98,26,0,2013
Drew McIntyre,33,123,9,114,0,2013
Curtis Axel,34,119,56,60,3,2013
Natalya,35,114,87,26,1,2013
The Great Khali,36,113,81,30,2,2013
Jinder Mahal,37,112,7,105,0,2013
CM Punk,38,111,81,26,4,2013
Luke Harper,39,110,64,46,0,2013
AJ Lee,40,108,44,64,0,2013
Brie Bella,41,99,38,59,2,2013
Erick Rowan,42,95,56,39,0,2013
Aksana,43,92,3,89,0,2013
Bo Dallas,44,91,65,26,0,2013
Tamina Snuka,45,91,11,80,0,2013
Naomi,46,87,70,15,2,2013
Mark Henry,47,82,50,31,1,2013
Adrian Neville,48,81,57,24,0,2013
Bray Wyatt,49,80,56,24,0,2013
Leo Kruger,50,75,37,38,0,2013
Santino Marella,51,71,41,30,0,2013
Corey Graves,52,70,32,37,1,2013
Alicia Fox,53,68,19,49,0,2013
Chris Jericho,54,59,35,23,1,2013
Paige,55,59,43,16,0,2013
Rob Van Dam,56,58,41,16,1,2013
Alexander Rusev,57,57,33,24,0,2013
Mason Ryan,58,56,39,17,0,2013
Aiden English,59,55,18,37,0,2013
Emma,60,55,28,27,0,2013
Sami Zayn,61,54,28,26,0,2013
Conor O'Brian,62,53,35,16,2,2013
Layla,63,53,37,16,0,2013
Sasha Banks,64,53,24,29,0,2013
Alex Riley,65,51,20,31,0,2013
Primo,66,51,3,48,0,2013
Xavier Woods,67,51,30,21,0,2013
Epico,68,50,2,48,0,2013
Goldust,69,49,35,13,1,2013
Cameron,70,48,39,9,0,2013
Sin Cara,71,48,26,20,2,2013
Nikki Bella,72,47,25,22,0,2013
Colin Cassady,73,44,11,33,0,2013
Bayley,74,43,22,21,0,2013
Rick Victor,75,42,28,14,0,2013
Scott Dawson,76,42,10,32,0,2013
Kassius Ohno,77,41,17,24,0,2013
Summer Rae,78,41,15,26,0,2013
CJ Parker,79,40,20,20,0,2013
Ted DiBiase,80,38,23,14,1,2013
Diego,81,37,34,3,0,2013
Baron Corbin,82,36,8,28,0,2013
Fernando,83,36,33,3,0,2013
Michael McGillicutty,84,36,6,28,2,2013
Mojo Rawley,85,36,29,7,0,2013
Hunico,86,35,2,33,0,2013
Charlotte,87,33,17,16,0,2013
Christian,88,33,22,11,0,2013
Yoshi Tatsu,89,32,13,17,2,2013
Jason Jordan,90,31,11,20,0,2013
Danny Burch,91,28,6,22,0,2013
Jake Carter,92,28,12,16,0,2013
Camacho,93,27,5,22,0,2013
Curt Hawkins,94,27,0,26,1,2013
Dante Dash,95,27,12,15,0,2013
Tyler Breeze,96,26,7,19,0,2013
Tyson Kidd,97,25,12,13,0,2013
Sawyer Fulton,98,24,10,14,0,2013
Angelo Dawkins,99,23,10,13,0,2013
Knuckles Madsen,100,23,4,19,0,2013
Dolph Ziggler,1,196,134,60,2,2014
Seth Rollins,2,196,87,105,4,2014
Jimmy Uso,3,190,143,43,4,2014
Cesaro,4,185,64,120,1,2014
Jey Uso,5,185,139,42,4,2014
Bray Wyatt,6,179,49,130,0,2014
Goldust,7,179,101,77,1,2014
Jack Swagger,8,173,49,123,1,2014
Luke Harper,9,172,31,140,1,2014
Sheamus,10,172,141,29,2,2014
Dean Ambrose,11,168,130,36,2,2014
Erick Rowan,12,164,38,124,2,2014
John Cena,13,164,141,23,0,2014
Titus O'Neil,14,162,29,132,1,2014
Ryback,15,158,43,114,1,2014
Curtis Axel,16,155,22,132,1,2014
Kofi Kingston,17,155,82,72,1,2014
Roman Reigns,18,150,118,28,4,2014
Fandango,19,145,20,124,1,2014
Alicia Fox,20,144,27,117,0,2014
Kane,21,138,10,127,1,2014
Paige,22,134,85,47,2,2014
The Miz,23,133,40,92,1,2014
Big E,24,132,84,48,0,2014
Sin Cara,25,130,81,49,0,2014
The Big Show,26,130,107,21,2,2014
Natalya,27,127,79,48,0,2014
Randy Orton,28,125,33,87,5,2014
Diego,29,121,78,42,1,2014
Heath Slater,30,118,11,106,1,2014
Damien Sandow,31,116,3,113,0,2014
Alberto Del Rio,32,114,31,82,1,2014
Bo Dallas,33,114,52,61,1,2014
Nikki Bella,34,114,75,39,0,2014
Adrian Neville,35,113,94,18,1,2014
Fernando,36,110,70,39,1,2014
R-Truth,37,110,61,49,0,2014
Rusev,38,110,80,30,0,2014
Adam Rose,39,108,87,21,0,2014
Sami Zayn,40,107,55,52,0,2014
Tyson Kidd,41,107,37,70,0,2014
Emma,42,100,73,27,0,2014
Stardust,43,97,52,45,0,2014
AJ Lee,44,93,58,35,0,2014
Cody Rhodes,45,90,46,43,1,2014
Cameron,46,89,36,52,1,2014
Naomi,47,89,71,16,2,2014
Tyler Breeze,48,86,30,54,2,2014
Viktor,49,86,53,33,0,2014
Konnor,50,80,51,29,0,2014
Xavier Woods,51,79,33,45,1,2014
Bayley,52,78,46,32,0,2014
Bad News Barrett,53,77,58,17,2,2014
Summer Rae,54,77,19,56,2,2014
Aiden English,55,76,37,39,0,2014
Charlotte,56,76,40,36,0,2014
Baron Corbin,57,74,55,19,0,2014
Mark Henry,58,72,49,22,1,2014
Sasha Banks,59,72,26,46,0,2014
Brie Bella,60,71,51,19,1,2014
Colin Cassady,61,71,47,23,1,2014
Layla,62,70,12,56,2,2014
CJ Parker,63,68,24,44,0,2014
Simon Gotch,64,66,35,31,0,2014
Rob Van Dam,65,65,28,35,2,2014
Kalisto,66,61,51,10,0,2014
Zack Ryder,67,61,8,53,0,2014
Drew McIntyre,68,59,1,56,2,2014
Jason Jordan,69,59,19,40,0,2014
Aksana,70,58,5,53,0,2014
Justin Gabriel,71,57,3,53,1,2014
Bull Dempsey,72,55,35,20,0,2014
Jinder Mahal,73,55,1,52,2,2014
Tye Dillinger,74,55,16,39,0,2014
El Torito,75,54,49,5,0,2014
Daniel Bryan,76,53,35,16,2,2014
Damien Mizdow,77,50,11,39,0,2014
Wesley Blake,78,49,10,39,0,2014
Becky Lynch,79,48,27,21,0,2014
The Great Khali,80,46,40,6,0,2014
Dash Wilder,81,44,11,33,0,2014
Alexa Bliss,82,43,24,19,0,2014
Tamina Snuka,83,42,6,36,0,2014
Scott Dawson,84,41,12,29,0,2014
Alexander Rusev,85,40,37,2,1,2014
Hornswoggle,86,40,3,37,0,2014
Sawyer Fulton,87,40,5,35,0,2014
Enzo Amore,88,39,29,9,1,2014
Eva Marie,89,38,22,15,1,2014
Rosa Mendes,90,37,2,34,1,2014
Angelo Dawkins,91,35,12,23,0,2014
Buddy Murphy,92,35,7,28,0,2014
Marcus Louis,93,35,16,18,1,2014
Mojo Rawley,94,35,25,10,0,2014
Darren Young,95,34,26,8,0,2014
Sylvester Lefort,96,34,8,25,1,2014
Batista,97,32,15,13,4,2014
Chris Jericho,98,32,26,5,1,2014
Solomon Crowe,99,31,10,21,0,2014
Antonio Cesaro,100,29,5,24,0,2014
Dean Ambrose,1,218,150,63,5,2015
Roman Reigns,2,213,187,19,7,2015
Cesaro,3,187,117,69,1,2015
Big E,4,183,96,86,1,2015
Luke Harper,5,180,55,122,3,2015
Kofi Kingston,6,177,86,90,1,2015
Seth Rollins,7,176,51,124,1,2015
Ryback,8,174,138,34,2,2015
Dolph Ziggler,9,169,115,52,2,2015
Sin Cara,10,166,115,50,1,2015
Bray Wyatt,11,163,28,133,2,2015
Kalisto,12,163,107,54,2,2015
Viktor,13,162,19,143,0,2015
Konnor,14,160,19,141,0,2015
Bo Dallas,15,157,15,141,1,2015
Neville,16,154,116,38,0,2015
Titus O'Neil,17,153,92,61,0,2015
Kevin Owens,18,152,63,85,4,2015
Adam Rose,19,151,8,142,1,2015
Sasha Banks,20,151,62,87,2,2015
Tyler Breeze,21,151,44,105,2,2015
Rusev,22,149,52,93,4,2015
Naomi,23,148,55,92,1,2015
Stardust,24,148,38,110,0,2015
Charlotte,25,146,108,35,3,2015
Fandango,26,145,69,75,1,2015
Sheamus,27,145,58,86,1,2015
R-Truth,28,139,94,44,1,2015
Darren Young,29,136,87,47,2,2015
John Cena,30,136,125,11,0,2015
Kane,31,136,44,92,0,2015
The Miz,32,133,17,115,1,2015
Zack Ryder,33,133,88,45,0,2015
Heath Slater,34,132,1,131,0,2015
Paige,35,132,68,62,2,2015
Becky Lynch,36,131,71,59,1,2015
Jack Swagger,37,130,65,65,0,2015
Curtis Axel,38,128,58,68,2,2015
The Big Show,39,125,30,94,1,2015
Emma,40,124,62,62,0,2015
Finn Balor,41,123,103,20,0,2015
Jimmy Uso,42,121,82,36,3,2015
Bayley,43,119,99,19,1,2015
Fernando,44,117,30,87,0,2015
Baron Corbin,45,115,61,54,0,2015
Diego,46,115,29,86,0,2015
Xavier Woods,47,113,53,59,1,2015
Nikki Bella,48,111,68,43,0,2015
Alicia Fox,49,110,36,74,0,2015
Natalya,50,100,82,18,0,2015
Brie Bella,51,99,41,58,0,2015
Erick Rowan,52,98,53,44,1,2015
Simon Gotch,53,98,57,41,0,2015
Aiden English,54,97,57,40,0,2015
Bull Dempsey,55,96,62,34,0,2015
Scott Dawson,56,96,38,58,0,2015
Dash Wilder,57,95,38,57,0,2015
Colin Cassady,58,93,69,24,0,2015
Tye Dillinger,59,93,24,66,3,2015
Randy Orton,60,92,81,10,1,2015
Tyson Kidd,61,89,39,49,1,2015
Jason Jordan,62,88,28,59,1,2015
King Barrett,63,87,22,65,0,2015
Enzo Amore,64,86,67,19,0,2015
Blake,65,85,34,51,0,2015
Murphy,66,85,35,50,0,2015
Solomon Crowe,67,84,46,37,1,2015
Chad Gable,68,81,26,55,0,2015
Bad News Barrett,69,74,20,54,0,2015
Carmella,70,70,36,33,1,2015
D-Von Dudley,71,66,36,29,1,2015
Jey Uso,72,66,37,28,1,2015
Bubba Ray Dudley,73,65,36,28,1,2015
Goldust,74,62,22,40,0,2015
Damien Sandow,75,61,50,9,2,2015
Summer Rae,76,61,11,50,0,2015
Cameron,77,59,7,52,0,2015
Dana Brooke,78,58,18,39,1,2015
Daniel Bryan,79,58,51,7,0,2015
Braun Strowman,80,57,30,26,1,2015
Alexa Bliss,81,56,19,37,0,2015
Angelo Dawkins,82,56,11,45,0,2015
Mojo Rawley,83,52,41,11,0,2015
Elias Samson,84,51,12,38,1,2015
Apollo Crews,85,50,42,8,0,2015
Tamina,86,50,7,43,0,2015
Samoa Joe,87,48,36,11,1,2015
Sawyer Fulton,88,48,7,41,0,2015
Chris Jericho,89,46,42,4,0,2015
Damien Mizdow,90,43,14,29,0,2015
Alberto Del Rio,91,41,26,13,2,2015
Mark Henry,92,41,17,23,1,2015
Hideo Itami,93,38,25,13,0,2015
Adrian Neville,94,34,14,20,0,2015
Sami Zayn,95,34,22,11,1,2015
Mike Rawlis,96,33,9,24,0,2015
Steve Cutler,97,31,8,22,1,2015
Marcus Louis,98,29,5,24,0,2015
Tucker Knight,99,28,3,24,1,2015
Brad Maddox,100,27,1,26,0,2015
Dean Ambrose,1,204,133,67,4,2016
Kevin Owens,2,193,61,130,2,2016
Tyler Breeze,3,182,17,163,2,2016
AJ Styles,4,176,108,68,0,2016
Sami Zayn,5,176,112,59,5,2016
Dolph Ziggler,6,172,114,56,2,2016
Zack Ryder,7,172,119,51,2,2016
Rusev,8,169,70,97,2,2016
Jey Uso,9,166,76,90,0,2016
Baron Corbin,10,165,103,59,3,2016
Sheamus,11,164,44,115,5,2016
Becky Lynch,12,161,102,54,5,2016
Roman Reigns,13,159,142,12,5,2016
Apollo Crews,14,155,125,30,0,2016
Jason Jordan,15,151,126,23,2,2016
Jimmy Uso,16,150,70,80,0,2016
Viktor,17,148,2,145,1,2016
Chad Gable,18,147,120,25,2,2016
The Miz,19,147,43,103,1,2016
Mojo Rawley,20,146,113,31,2,2016
Natalya,21,146,37,109,0,2016
Cesaro,22,143,78,62,3,2016
Jack Swagger,23,143,73,70,0,2016
Bayley,24,139,126,11,2,2016
Big E,25,139,107,31,1,2016
Fandango,26,135,24,111,0,2016
Kofi Kingston,27,135,95,39,1,2016
Kalisto,28,134,75,59,0,2016
Sasha Banks,29,134,101,28,5,2016
Bray Wyatt,30,133,24,107,2,2016
Sin Cara,31,133,69,62,2,2016
Aiden English,32,132,12,118,2,2016
Enzo Amore,33,130,79,48,3,2016
Charlotte,34,129,86,42,1,2016
Heath Slater,35,126,62,64,0,2016
Alexa Bliss,36,125,35,90,0,2016
Curtis Axel,37,125,11,114,0,2016
Simon Gotch,38,123,11,111,1,2016
Bo Dallas,39,122,17,104,1,2016
Carmella,40,122,59,62,1,2016
Goldust,41,122,96,26,0,2016
Karl Anderson,42,122,31,89,2,2016
Braun Strowman,43,121,65,54,2,2016
Titus O'Neil,44,121,47,73,1,2016
Kane,45,118,103,15,0,2016
R-Truth,46,118,96,21,1,2016
Seth Rollins,47,118,39,75,4,2016
Asuka,48,117,112,3,2,2016
Chris Jericho,49,115,38,77,0,2016
Konnor,50,113,2,110,1,2016
Luke Gallows,51,113,27,84,2,2016
Nia Jax,52,110,37,72,1,2016
Xavier Woods,53,110,83,26,1,2016
Darren Young,54,104,74,28,2,2016
Neville,55,104,78,26,0,2016
Big Cass,56,102,61,40,1,2016
Tye Dillinger,57,102,60,41,1,2016
Dash Wilder,58,101,34,64,3,2016
Scott Dawson,59,100,34,63,3,2016
D-Von Dudley,60,96,19,77,0,2016
Shinsuke Nakamura,61,96,90,4,2,2016
Samoa Joe,62,95,32,59,4,2016
Bubba Ray Dudley,63,93,21,72,0,2016
Alberto Del Rio,64,91,24,65,2,2016
Peyton Royce,65,89,20,67,2,2016
Erick Rowan,66,87,14,72,1,2016
Alexander Wolfe,67,86,37,49,0,2016
Dana Brooke,68,85,11,74,0,2016
Liv Morgan,69,85,42,43,0,2016
Naomi,70,84,41,43,0,2016
Angelo Dawkins,71,83,21,62,0,2016
Billie Kay,72,79,27,50,2,2016
Aliyah,73,78,26,51,1,2016
Patrick Clark,74,78,26,52,0,2016
Elias Samson,75,77,29,48,0,2016
The Big Show,76,77,60,16,1,2016
No Way Jose,77,76,56,19,1,2016
Alicia Fox,78,75,49,25,1,2016
Daria Berenato,79,74,27,47,0,2016
Epico,80,74,21,52,1,2016
Primo,81,74,19,54,1,2016
Riddick Moss,82,74,18,55,1,2016
Tino Sabbatelli,83,74,24,50,0,2016
Stardust,84,73,5,66,2,2016
Tucker Knight,85,73,28,45,0,2016
Finn Balor,86,72,60,11,1,2016
Luke Harper,87,72,20,51,1,2016
Sawyer Fulton,88,71,28,42,1,2016
Mandy Rose,89,68,13,54,1,2016
Andrade Almas,90,63,40,23,0,2016
Rhyno,91,63,50,13,0,2016
Austin Aries,92,61,37,23,1,2016
Rich Swann,93,61,41,19,1,2016
Randy Orton,94,60,39,21,0,2016
Ryback,95,55,37,17,1,2016
Bobby Roode,96,54,25,28,1,2016
Summer Rae,97,54,12,42,0,2016
Wesley Blake,98,53,7,45,1,2016
Ember Moon,99,51,36,15,0,2016
John Cena,100,50,29,21,0,2016
AJ Styles,1,175,109,65,1,2017
Jinder Mahal,2,172,60,111,1,2017
Baron Corbin,3,167,57,110,0,2017
Dean Ambrose,4,166,138,27,1,2017
Cesaro,5,164,59,103,2,2017
Sami Zayn,6,164,62,101,1,2017
Sheamus,7,164,59,103,2,2017
Shinsuke Nakamura,8,160,120,40,0,2017
Jason Jordan,9,159,101,58,0,2017
Charlotte Flair,10,158,87,70,1,2017
Sasha Banks,11,155,108,43,4,2017
Natalya,12,149,27,120,2,2017
Kevin Owens,13,147,44,102,1,2017
Seth Rollins,14,147,124,22,1,2017
Alexa Bliss,15,143,59,82,2,2017
Nia Jax,16,142,21,119,2,2017
Roman Reigns,17,139,115,19,5,2017
Bray Wyatt,18,136,39,96,1,2017
Aiden English,19,135,16,119,0,2017
Fandango,20,135,43,91,1,2017
Tyler Breeze,21,135,43,91,1,2017
Becky Lynch,22,133,84,48,1,2017
Dolph Ziggler,23,131,22,109,0,2017
Jimmy Uso,24,131,83,48,0,2017
Karl Anderson,25,131,36,95,0,2017
Carmella,26,130,13,116,1,2017
Jey Uso,27,130,81,49,0,2017
Randy Orton,28,129,93,36,0,2017
Bayley,29,128,97,28,3,2017
Tye Dillinger,30,126,79,46,1,2017
Chad Gable,31,125,73,52,0,2017
Finn Balor,32,124,108,15,1,2017
Kalisto,33,124,73,51,0,2017
The Miz,34,124,37,85,2,2017
Curt Hawkins,35,123,0,123,0,2017
Braun Strowman,36,121,59,56,6,2017
Bobby Roode,37,120,75,45,0,2017
Enzo Amore,38,120,52,66,2,2017
Mojo Rawley,39,118,77,41,0,2017
Naomi,40,118,99,18,1,2017
Apollo Crews,41,117,71,46,0,2017
Rusev,42,116,29,87,0,2017
Luke Gallows,43,114,37,77,0,2017
Titus O'Neil,44,112,34,77,1,2017
Big E,45,111,36,74,1,2017
Rhyno,46,111,76,35,0,2017
Heath Slater,47,110,73,37,0,2017
Neville,48,110,90,20,0,2017
Samoa Joe,49,110,31,77,2,2017
Sin Cara,50,110,73,36,1,2017
Luke Harper,51,109,66,43,0,2017
Kofi Kingston,52,107,37,70,0,2017
Curtis Axel,53,106,26,78,2,2017
Goldust,54,106,67,37,2,2017
Andrade Almas,55,104,27,77,0,2017
Bo Dallas,56,104,4,98,2,2017
Kassius Ohno,57,103,67,36,0,2017
Konnor,58,103,12,91,0,2017
Viktor,59,103,12,91,0,2017
Roderick Strong,60,100,71,27,2,2017
Tamina,61,99,13,86,0,2017
Aleister Black,62,96,89,7,0,2017
Alexander Wolfe,63,96,47,43,6,2017
Killian Dain,64,94,46,44,4,2017
Asuka,65,91,89,0,2,2017
R-Truth,66,90,67,21,2,2017
Montez Ford,67,89,64,24,1,2017
Liv Morgan,68,88,49,38,1,2017
Mickie James,69,87,35,49,3,2017
Angelo Dawkins,70,86,62,23,1,2017
Matt Hardy,71,85,46,38,1,2017
Otis Dozovic,72,85,52,32,1,2017
Tucker Knight,73,85,52,32,1,2017
Ember Moon,74,83,63,19,1,2017
Big Cass,75,81,41,39,1,2017
No Way Jose,76,81,66,14,1,2017
Akira Tozawa,77,80,43,37,0,2017
Mandy Rose,78,80,24,55,1,2017
Riddick Moss,79,79,6,73,0,2017
Eric Young,80,78,35,38,5,2017
Johnny Gargano,81,78,57,20,1,2017
Erick Rowan,82,77,2,75,0,2017
Hideo Itami,83,76,40,34,2,2017
John Cena,84,76,53,23,0,2017
Ruby Riot,85,76,58,15,3,2017
Tony Nese,86,76,20,56,0,2017
Rich Swann,87,75,50,25,0,2017
Tino Sabbatelli,88,75,7,68,0,2017
Nikki Cross,89,72,31,39,2,2017
Drew McIntyre,90,71,64,6,1,2017
Epico Colon,91,71,5,66,0,2017
Sonya Deville,92,71,25,44,2,2017
Oney Lorcan,93,70,28,41,1,2017
Dana Brooke,94,69,31,38,0,2017
Peyton Royce,95,66,25,40,1,2017
Steve Cutler,96,66,12,54,0,2017
Alicia Fox,97,65,24,40,1,2017
Akam,98,64,41,21,2,2017
Ariya Daivari,99,64,11,53,0,2017
Kona Reeves,100,64,12,51,1,2017
Finn Balor,1,170,118,51,1,2018
Baron Corbin,2,159,34,124,1,2018
Seth Rollins,3,159,125,33,1,2018
Shinsuke Nakamura,4,153,84,65,4,2018
AJ Styles,5,149,131,14,4,2018
Rusev,6,149,64,85,0,2018
Asuka,7,146,126,19,1,2018
Jinder Mahal,8,146,30,116,0,2018
Cesaro,9,143,47,96,0,2018
Braun Strowman,10,142,110,29,3,2018
Dolph Ziggler,11,140,51,88,1,2018
Sheamus,12,140,46,94,0,2018
Bobby Roode,13,135,90,42,3,2018
Bayley,14,133,85,45,3,2018
Becky Lynch,15,133,99,32,2,2018
Charlotte Flair,16,131,84,42,5,2018
Sasha Banks,17,129,76,50,3,2018
Carmella,18,128,42,86,0,2018
Roman Reigns,19,128,111,15,2,2018
The Miz,20,126,24,102,0,2018
Big E,21,124,66,57,1,2018
Elias,22,122,37,84,1,2018
Ember Moon,23,122,93,28,1,2018
Naomi,24,121,91,30,0,2018
Kofi Kingston,25,119,61,55,3,2018
Jimmy Uso,26,118,62,54,2,2018
Bo Dallas,27,117,42,73,2,2018
Karl Anderson,28,117,64,52,1,2018
Jeff Hardy,29,116,67,49,0,2018
Scott Dawson,30,116,33,81,2,2018
Curtis Axel,31,115,43,70,2,2018
Dash Wilder,32,115,33,80,2,2018
Natalya,33,114,62,51,1,2018
Chad Gable,34,113,46,66,1,2018
Alexa Bliss,35,109,37,72,0,2018
Jey Uso,36,109,57,50,2,2018
Liv Morgan,37,109,10,98,1,2018
Shelton Benjamin,38,109,26,83,0,2018
Mojo Rawley,39,108,29,77,2,2018
Drew McIntyre,40,107,42,64,1,2018
Luke Gallows,41,107,54,52,1,2018
Andrade Almas,42,106,37,69,0,2018
Ruby Riott,43,104,15,85,4,2018
Samoa Joe,44,103,9,94,0,2018
Apollo Crews,45,102,56,45,1,2018
Bobby Lashley,46,102,70,31,1,2018
Lana,47,102,43,59,0,2018
Kevin Owens,48,101,11,88,2,2018
Roderick Strong,49,100,57,42,1,2018
The Velveteen Dream,50,100,35,64,1,2018
Titus O'Neil,51,98,46,51,1,2018
Kyle O'Reilly,52,94,55,39,0,2018
Adam Cole,53,93,49,44,0,2018
No Way Jose,54,93,58,35,0,2018
Sarah Logan,55,93,11,81,1,2018
Bray Wyatt,56,92,51,41,0,2018
Tyler Breeze,57,92,41,51,0,2018
Harper,58,91,70,21,0,2018
Kassius Ohno,59,91,46,43,2,2018
Nia Jax,60,91,46,45,0,2018
Shayna Baszler,61,91,65,25,1,2018
Matt Hardy,62,90,67,23,0,2018
Curt Hawkins,63,89,0,89,0,2018
Dakota Kai,64,87,54,33,0,2018
Kairi Sane,65,87,60,26,1,2018
Otis Dozovic,66,87,55,31,1,2018
Akam,67,86,53,32,1,2018
Rezar,68,85,53,31,1,2018
Nikki Cross,69,84,59,23,2,2018
Rhyno,70,84,21,61,2,2018
Tucker Knight,71,84,52,31,1,2018
Daniel Bryan,72,83,62,20,1,2018
Heath Slater,73,82,25,55,2,2018
Sonya Deville,74,82,5,77,0,2018
Ricochet,75,81,73,5,3,2018
Candice LeRae,76,79,50,29,0,2018
Mandy Rose,77,79,6,73,0,2018
Fabian Aichner,78,78,21,55,2,2018
Angelo Dawkins,79,77,50,26,1,2018
Cedric Alexander,80,77,63,14,0,2018
Raul Mendoza,81,77,25,51,1,2018
Wesley Blake,82,77,21,56,0,2018
Montez Ford,83,76,49,26,1,2018
Rowan,84,76,66,10,0,2018
Aiden English,85,74,6,68,0,2018
Kona Reeves,86,74,19,55,0,2018
Randy Orton,87,74,36,36,2,2018
Tye Dillinger,88,74,28,43,3,2018
Aleister Black,89,73,63,9,1,2018
Aliyah,90,72,16,56,0,2018
Shane Thorne,91,72,19,51,2,2018
Zack Ryder,92,72,48,24,0,2018
Danny Burch,93,71,45,25,1,2018
Nick Miller,94,70,19,49,2,2018
Mickie James,95,69,21,48,0,2018
Konnor,96,68,11,56,1,2018
Lars Sullivan,97,68,43,24,1,2018
Lacey Evans,98,67,26,41,0,2018
Oney Lorcan,99,67,42,24,1,2018
Sami Zayn,100,67,4,61,2,2018
Ricochet,1,158,111,45,2,2019
Scott Dawson,2,152,55,95,2,2019
Dash Wilder,3,150,55,93,2,2019
Seth Rollins,4,148,115,28,5,2019
Kofi Kingston,5,144,110,29,5,2019
Charlotte Flair,6,139,35,100,4,2019
Bayley,7,137,110,26,1,2019
Cesaro,8,136,24,111,1,2019
AJ Styles,9,134,59,72,3,2019
Becky Lynch,10,131,105,22,4,2019
Drew McIntyre,11,131,55,74,2,2019
Braun Strowman,12,121,104,15,2,2019
Shinsuke Nakamura,13,121,41,78,2,2019
Asuka,14,120,86,32,2,2019
Andrade,15,117,36,78,3,2019
Baron Corbin,16,115,22,93,0,2019
Lacey Evans,17,115,30,84,1,2019
Natalya,18,112,73,37,2,2019
Nikki Cross,19,108,59,47,2,2019
Karl Anderson,20,106,34,69,3,2019
Luke Gallows,21,104,34,67,3,2019
Big E,22,101,66,34,1,2019
Mandy Rose,23,99,12,83,4,2019
Roman Reigns,24,99,87,11,1,2019
Samoa Joe,25,98,38,58,2,2019
Matt Riddle,26,97,71,24,2,2019
Kairi Sane,27,96,59,35,2,2019
Bobby Lashley,28,94,28,62,4,2019
Aleister Black,29,91,79,11,1,2019
Daniel Bryan,30,90,48,40,2,2019
Angelo Dawkins,31,88,58,29,1,2019
Curt Hawkins,32,88,32,56,0,2019
Erik,33,88,65,21,2,2019
Montez Ford,34,88,58,29,1,2019
Ivar,35,87,64,21,2,2019
Zack Ryder,36,87,34,53,0,2019
Finn Balor,37,85,65,17,3,2019
Steve Cutler,38,83,29,54,0,2019
Sonya Deville,39,81,10,70,1,2019
Keith Lee,40,79,47,29,3,2019
Randy Orton,41,79,18,58,3,2019
Shayna Baszler,42,79,59,20,0,2019
Kevin Owens,43,78,38,38,2,2019
Velveteen Dream,44,78,73,5,0,2019
Dana Brooke,45,77,34,43,0,2019
Wesley Blake,46,77,27,50,0,2019
Ali,47,76,28,47,1,2019
Lince Dorado,48,75,41,32,2,2019
Riddick Moss,49,75,23,52,0,2019
Mia Yim,50,74,44,29,1,2019
Roderick Strong,51,74,29,45,0,2019
Sarah Logan,52,74,6,68,0,2019
Carmella,53,73,47,24,2,2019
Danny Burch,54,73,43,30,0,2019
Humberto Carrillo,55,73,41,31,1,2019
Sasha Banks,56,73,47,25,1,2019
Bianca Belair,57,72,49,20,3,2019
Cedric Alexander,58,72,36,36,0,2019
Oney Lorcan,59,72,43,29,0,2019
Adam Cole,60,71,36,35,0,2019
EC3,61,71,22,47,2,2019
Gran Metalik,62,71,34,36,1,2019
Jey Uso,63,71,39,32,0,2019
Xavier Woods,64,71,51,20,0,2019
Dolph Ziggler,65,70,10,59,1,2019
The Miz,66,70,32,36,2,2019
Io Shirai,67,69,45,20,4,2019
Jimmy Uso,68,69,37,32,0,2019
Alexa Bliss,69,68,26,41,1,2019
Apollo Crews,70,68,39,29,0,2019
Chad Gable,71,68,35,33,0,2019
Otis,72,68,49,16,3,2019
Rusev,73,68,26,40,2,2019
Elias,74,67,12,55,0,2019
Kalisto,75,67,37,30,0,2019
Peyton Royce,76,67,28,39,0,2019
Tucker,77,67,48,16,3,2019
Tyler Breeze,78,67,46,21,0,2019
Vanessa Borne,79,66,21,43,2,2019
Billie Kay,80,65,26,39,0,2019
Mojo Rawley,81,65,23,42,0,2019
Robert Roode,82,65,21,44,0,2019
Kona Reeves,83,64,11,53,0,2019
Raul Mendoza,84,63,31,31,1,2019
Aliyah,85,62,18,42,2,2019
Buddy Murphy,86,62,22,40,0,2019
Fabian Aichner,87,62,23,37,2,2019
R-Truth,88,62,37,24,1,2019
Kassius Ohno,89,61,28,33,0,2019
Sami Zayn,90,61,4,57,0,2019
Marcel Barthel,91,60,23,35,2,2019
Dominik Dijakovic,92,59,36,21,2,2019
Rhea Ripley,93,59,34,21,4,2019
Reina Gonzalez,94,58,27,30,1,2019
Kyle O'Reilly,95,57,22,35,0,2019
Naomi,96,57,36,19,2,2019
Shane Thorne,97,56,19,37,0,2019
Bobby Fish,98,55,25,29,1,2019
Denzel Dejournette,99,55,11,44,0,2019
Deonna Purrazzo,100,55,14,41,0,2019
Asuka,1,46,19,25,2,2020
Angel Garza,2,45,25,20,0,2020
Aleister Black,3,41,33,8,0,2020
Bayley,4,41,29,12,0,2020
Seth Rollins,5,41,16,24,1,2020
Andrade,6,37,18,18,1,2020
Drew McIntyre,7,37,35,1,1,2020
King Corbin,8,36,4,31,1,2020
Ricochet,9,35,18,17,0,2020
The Miz,10,35,9,25,1,2020
Big E,11,34,19,13,2,2020
Cameron Grimes,12,33,15,18,0,2020
Danny Burch,13,33,16,17,0,2020
Matt Riddle,14,33,29,4,0,2020
Bianca Belair,15,32,19,12,1,2020
Bobby Lashley,16,32,17,15,0,2020
Isaiah Scott,17,32,21,10,1,2020
Kevin Owens,18,32,21,10,1,2020
Mia Yim,19,32,17,14,1,2020
Tony Nese,20,32,10,22,0,2020
Kayden Carter,21,31,14,17,0,2020
Keith Lee,22,31,24,7,0,2020
Kofi Kingston,23,31,13,16,2,2020
Shane Thorne,24,31,5,26,0,2020
Charlotte Flair,25,30,19,11,0,2020
Daniel Bryan,26,30,13,16,1,2020
Ivar,27,30,18,12,0,2020
Angelo Dawkins,28,29,19,10,0,2020
Austin Theory,29,29,14,15,0,2020
Humberto Carrillo,30,29,10,19,0,2020
John Morrison,31,29,11,17,1,2020
Montez Ford,32,29,18,10,1,2020
Murphy,33,29,12,16,1,2020
Oney Lorcan,34,29,13,16,0,2020
Shinsuke Nakamura,35,29,6,21,2,2020
Cedric Alexander,36,28,13,15,0,2020
Dakota Kai,37,28,13,15,0,2020
Liv Morgan,38,28,16,12,0,2020
Sasha Banks,39,28,14,12,2,2020
Cesaro,40,27,8,18,1,2020
Damian Priest,41,27,12,15,0,2020
Erik,42,27,16,11,0,2020
Lacey Evans,43,27,7,18,2,2020
Braun Strowman,44,26,22,4,0,2020
Tegan Nox,45,26,14,12,0,2020
Bronson Reed,46,25,13,12,0,2020
Kushida,47,25,15,10,0,2020
Rhea Ripley,48,25,19,5,1,2020
Roderick Strong,49,25,5,19,1,2020
Shotzi Blackheart,50,25,12,13,0,2020
AJ Styles,51,24,8,16,0,2020
Shayna Baszler,52,24,14,8,2,2020
Shelton Benjamin,53,24,7,17,0,2020
Alexa Bliss,54,23,7,15,1,2020
Apollo Crews,55,23,12,10,1,2020
Natalya,56,23,7,16,0,2020
Sheamus,57,23,16,7,0,2020
Tyler Breeze,58,23,12,11,0,2020
Adam Cole,59,22,9,13,0,2020
Akira Tozawa,60,22,5,17,0,2020
Dolph Ziggler,61,22,5,16,1,2020
Nikki Cross,62,22,7,14,1,2020
Roman Reigns,63,22,20,1,1,2020
Candice LeRae,64,21,13,7,1,2020
Drew Gulak,65,21,3,18,0,2020
Pete Dunne,66,21,20,1,0,2020
Bobby Fish,67,20,3,17,0,2020
Dexter Lumis,68,20,11,9,0,2020
Joaquin Wilde,69,20,12,8,0,2020
Ruby Riott,70,20,5,15,0,2020
Tommaso Ciampa,71,20,16,4,0,2020
Akam,72,19,9,10,0,2020
Aliyah,73,19,4,15,0,2020
Finn Balor,74,19,12,7,0,2020
Kairi Sane,75,19,5,14,0,2020
Raul Mendoza,76,19,9,10,0,2020
Rezar,77,19,9,10,0,2020
The Fiend,78,19,18,1,0,2020
Johnny Gargano,79,18,13,5,0,2020
Luke Gallows,80,18,4,14,0,2020
R-Truth,81,18,7,11,0,2020
Becky Lynch,82,17,17,0,0,2020
Dominik Dijakovic,83,17,7,10,0,2020
Jake Atlas,84,17,6,11,0,2020
Kyle O'Reilly,85,17,4,13,0,2020
Naomi,86,17,5,11,1,2020
Santana Garrett,87,17,5,12,0,2020
Tehuti Miles,88,17,1,16,0,2020
Chase Parker,89,16,2,14,0,2020
Fabian Aichner,90,16,9,7,0,2020
Gran Metalik,91,16,5,11,0,2020
Indi Hartwell,92,16,3,13,0,2020
Jessi Kamea,93,16,0,15,1,2020
Jey Uso,94,16,10,5,1,2020
Otis,95,16,9,6,1,2020
Randy Orton,96,16,10,5,1,2020
Rey Mysterio,97,16,10,5,1,2020
Billie Kay,98,15,4,11,0,2020
Brendan Vink,99,15,2,13,0,2020
Chelsea Green,100,15,6,9,0,2020
